Drug Induced Liver Injury Rank (DILIrank) Dataset Ver 2.0 | FDA,,,,,,
LTKBID,CompoundName,SeverityClass,LabelSection,vDILI-Concern,Comment,
LT00040,Abacavir sulfate,8,Warnings & precautions,vMOST-DILI-concern,Unchanged,
LT03618,Abaloparatide,0,No match,vNo-DILI-concern,New,
LT01402,Abatacept,0,No match,vLess-DILI-concern,Unchanged,
LT01330,Abciximab,0,No match,vNo-DILI-concern,Unchanged,
LT03619,Abemaciclib,3,Warnings & precautions,vLess-DILI-concern,New,
LT02339,Abiraterone acetate,8,Warnings & precautions,vMost-DILI-concern,New,
LT03614,Acalabrutinib,4,Adverse reactions,Ambiguous-DILI-concern,New,
LT01141,Acamprosate calcium,3,Adverse reactions,vLess-DILI-concern,Unchanged,
LT01034,Acarbose,8,Warnings & precautions,vMost-DILI-concern,Unchanged,
LT01035,Acebutolol hydrochloride,3,Adverse reactions,vLess-DILI-concern,Unchanged,
LT01853,Aceclofenac,0,No match,vLess-DILI-concern,Unchanged,
LT00004,Acetaminophen,5,Warnings & precautions,vMost-DILI-concern,Unchanged,
LT00498,Acetazolamide,8,Warnings & precautions,vMost-DILI-concern,Unchanged,
LT00913,Acetohydroxamic acid,3,Warnings & precautions,Ambiguous-DILI-concern,Unchanged,
LT02096,Acetylcholine chloride,0,No match,vNo-DILI-concern,Unchanged,
LT01041,Acetylcysteine,0,No match,vNo-DILI-concern,Unchanged,
LT01042,Acitretin,5,Box warning,vMost-DILI-concern,Unchanged,
LT00041,Acyclovir,5,Adverse reactions,vLess-DILI-concern,Unchanged,
LT01387,Adalimumab,7,Adverse reactions,vLess-DILI-concern,Unchanged,
LT01155,Adefovir dipivoxil,2,Warnings & precautions,vLess-DILI-concern,Unchanged,
LT01047,Adenosine,0,No match,vNo-DILI-concern,Unchanged,
LT02889,Afatinib dimaleate,8,Warnings & precautions,Ambiguous-DILI-concern,New,
LT02385,Agalsidase beta,0,No match,vNo-DILI-concern,Unchanged,
LT02213,Alaproclate,8,Withdrawn,vMost-DILI-concern,Unchanged,
LT00461,Alatrofloxacin mesylate,8,Withdrawn,vMost-DILI-concern,Unchanged,
LT00499,Albendazole,7,Warnings & precautions,vMost-DILI-concern,Unchanged,
LT01051,Albuterol,0,No match,vNo-DILI-concern,Unchanged,
LT00692,Alclofenac,8,Withdrawn,vMost-DILI-concern,Unchanged,
LT01319,Aldesleukin,3,Warnings & precautions,Ambiguous-DILI-concern,Unchanged,
LT03620,Alectinib hydrochloride,4,Warnings & precautions,Ambiguous-DILI-concern,New,
LT01364,Alemtuzumab,0,No match,vLess-DILI-concern,Revised,
LT00980,Alendronate sodium,0,No match,vLess-DILI-concern,Unchanged,
LT00925,Alfentanil hydrochloride,0,No match,vNo-DILI-concern,Unchanged,
LT01107,Alfuzosin hydrochloride,5,Adverse reactions,vLess-DILI-concern,Unchanged,
LT01404,Alglucosidase alfa,0,No match,vNo-DILI-concern,Unchanged,
LT01244,Aliskiren hemifumarate,0,No match,vLess-DILI-concern,Unchanged,
LT00043,Allopurinol,8,Warnings & precautions,vMost-DILI-concern,Unchanged,
LT01053,Almotriptan malate,0,No match,vNo-DILI-concern,Unchanged,
LT02888,Alogliptin benzoate,8,Warnings & precautions,Ambiguous-DILI-concern,New,
LT01070,Alosetron hydrochloride,4,Adverse reactions,vLess-DILI-concern,Unchanged,
LT03621,Alpelisib,3,Adverse reactions,vLess-DILI-concern,New,
LT01060,Alpidem,8,Withdrawn,vMost-DILI-concern,Unchanged,
LT00501,Alprazolam,7,Adverse reactions,vLess-DILI-concern,Unchanged,
LT01315,Alteplase,0,No match,vNo-DILI-concern,Unchanged,
LT00502,Altretamine,2,Adverse reactions,Ambiguous-DILI-concern,Unchanged,
LT01215,Alvimopan,0,No match,vNo-DILI-concern,Unchanged,
LT00503,Amantadine hydrochloride,3,Warnings & precautions,Ambiguous-DILI-concern,Unchanged,
LT01629,Ambenonium chloride,0,No match,vNo-DILI-concern,Unchanged,
LT00618,Ambrisentan,7,Adverse reactions,Ambiguous-DILI-concern,Unchanged,
LT03376,Amifampridine,0,No match,vNo-DILI-concern,New,
LT03895,Amifampridine phosphate,3,Adverse reactions,Ambiguous-DILI-concern,New,
LT01067,Amifostine,0,No match,vNo-DILI-concern,Unchanged,
LT01068,Amikacin sulfate,0,No match,vNo-DILI-concern,Unchanged,
LT02070,Amiloride hydrochloride,3,Adverse reactions,vLess-DILI-concern,Unchanged,
LT00045,Amineptine,8,Withdrawn,vMost-DILI-concern,Unchanged,
LT01071,Aminocaproic acid,0,No match,vNo-DILI-concern,Unchanged,
LT00054,Aminohippurate sodium,0,No match,vNo-DILI-concern,Unchanged,
LT00711,Aminophylline,0,No match,vNo-DILI-concern,Unchanged,
LT00505,Aminosalicylic acid ,5,Warnings & precautions,vMOST-DILI-concern,Unchanged,
LT00046,Amiodarone hydrochloride,8,Box warning,vMost-DILI-concern,Unchanged,
LT01793,Amisulpride,3,Adverse reactions,vLess-DILI-concern,New,
LT00047,Amitriptyline hydrochloride,5,Adverse reactions,vLess-DILI-concern,Unchanged,
LT00175,Amlodipine besylate,5,Adverse reactions,vLess-DILI-concern,Unchanged,
LT02067,Ammonium chloride,0,No match,vNo-DILI-concern,Unchanged,
LT00256,Amoxapine,3,Adverse reactions,Ambiguous-DILI-concern,Unchanged,
LT00507,Amoxicillin,5,Adverse reactions,vLess-DILI-concern,Unchanged,
LT02100,Amphetamine sulfate,0,No match,vLess-DILI-concern,Unchanged,
LT00048,Amphotericin B,3,Warnings & precautions,vLess-DILI-concern,Unchanged,
LT00049,Ampicillin sodium,3,Warnings & precautions,vLess-DILI-concern,Unchanged,
LT01055,Amprenavir,3,Warnings & precautions,Ambiguous-DILI-concern,Unchanged,
LT00964,Anagrelide hydrochloride,3,Warnings & precautions,Ambiguous-DILI-concern,Unchanged,
LT01373,Anakinra,0,No match,vLess-DILI-concern,Unchanged,
LT00263,Anastrozole,3,Adverse reactions,vLess-DILI-concern,Unchanged,
LT02229,Angiotensin ii acetate,0,No match,vNo-DILI-concern,New,
LT01203,Anidulafungin,7,Warnings & precautions,vMost-DILI-concern,Revised,
LT01442,Antithymocyte globulin,3,Adverse reactions,Ambiguous-DILI-concern,Unchanged,
LT03622,Apalutamide,0,No match,vNo-DILI-concern,New,
LT02418,Apixaban,4,Adverse reactions,vLess-DILI-concern,New,
LT00693,Aplaviroc,8,Discontinued,vMost-DILI-concern,Unchanged,
LT02217,Apomorphine hydrochloride,0,No match,vNo-DILI-concern,Unchanged,
LT03623,Apremilast,0,No match,vNo-DILI-concern,New,
LT01195,Aprepitant,3,Adverse reactions,Ambiguous-DILI-concern,Unchanged,
LT00962,Aprotinin,7,Adverse reactions,Ambiguous-DILI-concern,Unchanged,
LT01030,Argatroban,0,No match,vNo-DILI-concern,Unchanged,
LT02077,Arginine hydrochloride,0,No match,vNo-DILI-concern,Unchanged,
LT02331,Argipressin,0,No match,vNo-DILI-concern,Unchanged,
LT01143,Aripiprazole,5,Adverse reactions,vLess-DILI-concern,Revised,
LT03624,Aripiprazole lauroxil,5,Adverse reactions,vLess-DILI-concern,New,
LT01230,Armodafinil,3,Warnings & precautions,Ambiguous-DILI-concern,Unchanged,
LT01093,Arsenic trioxide,3,Adverse reactions,Ambiguous-DILI-concern,Unchanged,
LT01865,Artesunate,5,Adverse reactions,Ambiguous-DILI-concern,New,
LT03625,Asciminib hydrochloride,4,Adverse reactions,Ambiguous-DILI-concern,New,
LT01303,Asparaginase,7,Warnings & precautions,vMost-DILI-concern,Unchanged,
LT00053,Aspirin,0,No match,vLess-DILI-concern,Unchanged,
LT01199,Atazanavir sulfate,3,Warnings & precautions,vLess-DILI-concern,Unchanged,
LT00277,Atenolol,4,Adverse reactions,vLess-DILI-concern,Unchanged,
LT03626,Atogepant,3,Adverse reactions,Ambiguous-DILI-concern,New,
LT01139,Atomoxetine hydrochloride,8,Warnings & precautions,vMost-DILI-concern,Unchanged,
LT00258,Atorvastatin calcium,5,Warnings & precautions,vMost-DILI-concern,Unchanged,
LT01096,Atovaquone,8,Warnings & precautions,Ambiguous-DILI-concern,Unchanged,
LT00917,Atracurium,0,No match,vNo-DILI-Concern,Unchanged,
LT00511,Atropine,0,No match,vNo-DILI-concern,Unchanged,
LT02166,Auranofin,3,Warnings & precautions,vLess-DILI-concern,Unchanged,
LT03627,Avacopan,8,Warnings & precautions,Ambiguous-DILI-concern,New,
LT02440,Avanafil,0,No match,vNo-DILI-concern,New,
LT03628,Avapritinib,4,Adverse reactions,Ambiguous-DILI-concern,New,
LT03629,Avatrombopag maleate,0,No match,vNo-DILI-concern,New,
LT02399,Axitinib,3,Warnings & precautions,Ambiguous-DILI-concern,New,
LT01028,Azacitidine,8,Warnings & precautions,Ambiguous-DILI-concern,Unchanged,
LT00006,Azathioprine,5,Warnings & precautions,vMost-DILI-concern,Unchanged,
LT03630,Azilsartan kamedoxomil,0,No match,vNo-DILI-concern,New,
LT00265,Azithromycin,7,Adverse reactions,vLess-DILI-concern,Unchanged,
LT01110,Aztreonam,5,Adverse reactions,Ambiguous-DILI-concern,Unchanged,
LT02059,Bacitracin,0,No match,vNo-DILI-concern,Unchanged,
LT01113,Baclofen,3,Adverse reactions,vLess-DILI-concern,Unchanged,
LT03631,Baloxavir marboxil,0,No match,vNo-DILI-concern,New,
LT00512,Balsalazide disodium,8,Adverse reactions,Ambiguous-DILI-concern,Unchanged,
LT03632,Baricitinib,3,Warnings & precautions,Ambiguous-DILI-concern,New,
LT01346,Basiliximab,0,No match,vNo-DILI-concern,Unchanged,
LT02400,Bedaquiline fumarate,3,Warnings & precautions,Ambiguous-DILI-concern,New,
LT03612,Belinostat,8,Warnings & precautions,Ambiguous-DILI-concern,New,
LT03633,Belumosudil mesylate,3,Adverse reactions,Ambiguous-DILI-concern,New,
LT03634,Belzutifan,3,Adverse reactions,Ambiguous-DILI-concern,New,
LT03635,Bempedoic acid,3,Adverse reactions,Ambiguous-DILI-concern,New,
LT01116,Benazepril hydrochloride,4,Adverse reactions,vLess-DILI-concern,Unchanged,
LT00659,Bendamustine hydrochloride,0,No match,vNo-DILI-concern,Unchanged,
LT01117,Bendazac,8,Withdrawn,vMost-DILI-concern,Unchanged,
LT00825,Bendroflumethiazide,5,Adverse reactions,vLess-DILI-concern,Unchanged,
LT00513,Benoxaprofen,8,Withdrawn,vMost-DILI-concern,Unchanged,
LT01120,Benzarone,8,Withdrawn,vMost-DILI-concern,Unchanged,
LT00278,Benzbromarone,8,Withdrawn,vMost-DILI-concern,Unchanged,
LT01121,Benziodarone,8,Withdrawn,vMost-DILI-concern,Unchanged,
LT02756,Benznidazole,2,Adverse reactions,Ambiguous-DILI-concern,New,
LT00800,Benzonatate,0,No match,vLess-DILI-concern,Unchanged,
LT00832,Benzphetamine hydrochloride,0,No match,vNo-DILI-concern,Unchanged,
LT01123,Benztropine mesylate,0,No match,vNo-DILI-concern,Unchanged,
LT01276,Benzylpenicilloyl polylysine,0,No match,vNo-DILI-concern,Unchanged,
LT03636,Berotralstat hydrochloride,3,Adverse reactions,Ambiguous-DILI-concern,New,
LT02189,Betaine,0,No match,vNo-DILI-concern,Unchanged,
LT01132,Betaxolol hydrochloride,3,Adverse reactions,Ambiguous-DILI-concern,Unchanged,
LT00730,Bethanechol chloride,0,No match,vNo-DILI-concern,Unchanged,
LT03798,Betrixaban,0,No match,vNo-DILI-concern,New,
LT01390,Bevacizumab,0,No match,vNo-DILI-concern,Unchanged,
LT01064,Bexarotene,8,Warnings & precautions,vMost-DILI-concern,Unchanged,
LT00056,Bicalutamide,8,Warnings & precautions,vMost-DILI-concern,Unchanged,
LT03637,Binimetinib,3,Warnings & precautions,Ambiguous-DILI-concern,New,
LT00817,Biperiden hydrochloride,0,No match,vNo-DILI-concern,Unchanged,
LT02190,Bisacodyl,0,No match,vNo-DILI-concern,Unchanged,
LT01136,Bisoprolol fumarate,3,Adverse reactions,Ambiguous-DILI-concern,Unchanged,
LT01027,Bivalirudin,0,No match,vNo-DILI-concern,Unchanged,
LT01138,Bleomycin sulfate,3,Warnings & precautions,Ambiguous-DILI-concern,Unchanged,
LT01202,Bortezomib,7,Warnings & precautions,vMost-DILI-concern,Unchanged,
LT01140,Bosentan,7,Box warning,vMost-DILI-concern,Unchanged,
LT02349,Bosutinib monohydrate,4,Warnings & precautions,vMost-DILI-concern,New,
LT01305,Botulinum toxin type a,0,No match,vNo-DILI-concern,Unchanged,
LT01356,Botulinum toxin type b,0,No match,vNo-DILI-concern,Unchanged,
LT03638,Bremelanotide acetate,4,Adverse reactions,Ambiguous-DILI-concern,New,
LT03639,Brexanolone,0,No match,vNo-DILI-concern,New,
LT03640,Brexpiprazole,0,No match,vNo-DILI-concern,New,
LT03641,Brigatinib,3,Adverse reactions,Ambiguous-DILI-concern,New,
LT03868,Brilliant blue g,0,No match,vNo-DILI-concern,New,
LT03643,Brivaracetam,0,No match,vNo-DILI-concern,New,
LT00519,Bromfenac sodium,8,Withdrawn,vMost-DILI-concern,Unchanged,
LT00279,Bromocriptine mesylate,3,Warnings & precautions,vLess-DILI-concern,Unchanged,
LT02076,Brompheniramine maleate,0,No match,vNo-DILI-concern,Unchanged,
LT01144,Budesonide,0,No match,vNo-DILI-concern,Unchanged,
LT01145,Bumetanide,3,Warnings & precautions,Ambiguous-DILI-concern,Unchanged,
LT00058,Bupropion hydrochloride,5,Adverse reactions,vLess-DILI-concern,Unchanged,
LT01148,Buspirone hydrochloride,3,Adverse reactions,Ambiguous-DILI-concern,Unchanged,
LT00280,Busulfan,8,Warnings & precautions,vMost-DILI-concern,Unchanged,
LT00707,Butabarbital sodium,3,Adverse reactions,Ambiguous-DILI-concern,Unchanged,
LT01151,Butorphanol tartrate,0,No match,vNo-DILI-concern,Unchanged,
LT02900,Cabazitaxel,4,Adverse reactions,Ambiguous-DILI-concern,New,
LT01152,Cabergoline,0,No match,vNo-DILI-concern,Unchanged,
LT03644,Cabotegravir sodium,3,Warnings & precautions,Ambiguous-DILI-concern,New,
LT02429,Cabozantinib s-malate,4,Adverse reactions,Ambiguous-DILI-concern,New,
LT01888,Caffeine citrate,0,No match,vNo-DILI-concern,Unchanged,
LT00878,Calcitonin salmon,0,No match,vNo-DILI-concern,Unchanged,
LT00899,Calcitriol,0,No match,vNo-DILI-concern,Unchanged,
LT00947,Calcium acetate,0,No match,vNo-DILI-concern,Unchanged,
LT02899,Canagliflozin,0,No match,vLess-DILI-concern,New,
LT02432,Canakinumab,3,Adverse reactions,vLess-DILI-concern,Unchanged,
LT01022,Candesartan cilexetil,3,Adverse reactions,vLess-DILI-concern,Unchanged,
LT02516,Cangrelor,0,No match,vNo-DILI-concern,New,
LT03645,Cannabidiol,3,Warnings & precautions,Ambiguous-DILI-concern,New,
LT02018,Capecitabine,2,Warnings & precautions,vLess-DILI-concern,Revised,
LT03646,Capmatinib hydrochloride,3,Warnings & precautions,vLess-DILI-concern,New,
LT01889,Capreomycin sulfate,3,Adverse reactions,Ambiguous-DILI-concern,Unchanged,
LT00059,Captopril,7,Adverse reactions,vLess-DILI-concern,Unchanged,
LT00060,Carbamazepine,7,Warnings & precautions,vMost-DILI-concern,Unchanged,
LT01159,Carbenicillin disodium,3,Warnings & precautions,vLess-DILI-concern,Unchanged,
LT01160,Carbidopa,3,Warnings & precautions,Ambiguous-DILI-concern,Unchanged,
LT00759,Carbinoxamine maleate,0,No match,vNo-DILI-concern,Unchanged,
LT00061,Carboplatin,3,Warnings & precautions,vLess-DILI-concern,Unchanged,
LT00898,Carboprost tromethamine,0,No match,vNo-DILI-concern,Unchanged,
LT02395,Carfilzomib,8,Warnings & precautions,vMost-DILI-concern,New,
LT00675,Carglumic acid,0,No match,vNo-DILI-concern,New,
LT03647,Cariprazine hydrochloride,3,Adverse reactions,Ambiguous-DILI-concern,New,
LT02037,Carisoprodol,0,No match,vNo-DILI-concern,Unchanged,
LT00207,Carvedilol,3,Adverse reactions,vLess-DILI-concern,Unchanged,
LT03648,Casimersen,0,No match,vNo-DILI-concern,New,
LT01089,Caspofungin acetate,7,Warnings & precautions,Ambiguous-DILI-concern,Unchanged,
LT01166,Cefaclor,3,Adverse reactions,vLess-DILI-concern,Unchanged,
LT01167,Cefadroxil hemihydrate,7,Adverse reactions,vLess-DILI-concern,Unchanged,
LT01171,Cefazolin sodium,3,Adverse reactions,vLess-DILI-concern,Unchanged,
LT01289,Cefdinir,7,Adverse reactions,vLess-DILI-concern,Unchanged,
LT01087,Cefditoren pivoxil,2,Adverse reactions,vLess-DILI-concern,Revised,
LT01172,Cefepime hydrochloride,3,Adverse reactions,vLess-DILI-concern,Unchanged,
LT03649,Cefiderocol sulfate tosylate,2,Adverse reactions,Ambiguous-DILI-concern,New,
LT01173,Cefixime,4,Adverse reactions,vLess-DILI-concern,Revised,
LT01176,Cefoperazone sodium,3,Adverse reactions,vLess-DILI-concern,Unchanged,
LT01177,Cefotaxime sodium,5,Adverse reactions,vLess-DILI-concern,Unchanged,
LT01178,Cefotetan disodium,3,Adverse reactions,Ambiguous-DILI-concern,Unchanged,
LT01179,Cefoxitin sodium,3,Warnings & precautions,Ambiguous-DILI-concern,Unchanged,
LT01180,Cefpodoxime proxetil,3,Adverse reactions,Ambiguous-DILI-concern,Unchanged,
LT01182,Cefprozil,4,Adverse reactions,vLess-DILI-concern,Unchanged,
LT02387,Ceftaroline fosamil,3,Adverse reactions,vLess-DILI-concern,New,
LT00062,Ceftazidime,3,Adverse reactions,vLess-DILI-concern,Unchanged,
LT01183,Ceftibuten dihydrate,3,Adverse reactions,Ambiguous-DILI-concern,Unchanged,
LT01281,Ceftizoxime sodium,4,Adverse reactions,Ambiguous-DILI-concern,Unchanged,
LT01185,Ceftriaxone sodium,4,Adverse reactions,vLess-DILI-concern,Unchanged,
LT01186,Cefuroxime sodium,5,Adverse reactions,vLess-DILI-concern,Unchanged,
LT00252,Celecoxib,3,Warnings & precautions,vLess-DILI-concern,Unchanged,
LT03650,Cenobamate,3,Adverse reactions,Ambiguous-DILI-concern,New,
LT01189,Cephalexin,4,Adverse reactions,vLess-DILI-concern,Unchanged,
LT01279,Cephradine,4,Adverse reactions,Ambiguous-DILI-concern,Unchanged,
LT03596,Ceritinib,4,Warnings & precautions,vMost-DILI-concern,New,
LT01412,Certolizumab pegol,4,Adverse reactions,vLess-DILI-concern,Revised,
LT01190,Cetirizine hydrochloride,3,Adverse reactions,vLess-DILI-concern,Unchanged,
LT00484,Cetrorelix acetate,3,Warnings & precautions,Ambiguous-DILI-concern,Unchanged,
LT01389,Cetuximab,0,No match,vNo-DILI-concern,Unchanged,
LT01048,Cevimeline hydrochloride,3,Adverse reactions,Ambiguous-DILI-concern,Unchanged,
LT00065,Chenodiol,8,Warnings & precautions,Ambiguous-DILI-concern,Unchanged,
LT00286,Chlorambucil,3,Warnings & precautions,vLess-DILI-concern,Unchanged,
LT01196,Chloramphenicol,0,No match,vNo-DILI-concern,Unchanged,
LT00066,Chlorcyclizine hydrochloride,0,No match,vLess-DILI-concern,Unchanged,
LT01198,Chlordiazepoxide hydrochloride,5,Adverse reactions,vLess-DILI-concern,Unchanged,
LT01201,Chlormezanone,8,Withdrawn,vMost-DILI-concern,Unchanged,
LT01207,Chloroquine phosphate,3,Adverse reactions,vLess-DILI-concern,Unchanged,
LT01208,Chlorothiazide,2,Adverse reactions,vLess-DILI-concern,Unchanged,
LT00009,Chlorpheniramine maleate,0,No match,vNo-DILI-concern,Unchanged,
LT00068,Chlorpromazine hydrochloride,2,Adverse reactions,vLess-DILI-concern,Unchanged,
LT00379,Chlorpropamide,2,Adverse reactions,vLess-DILI-concern,Unchanged,
LT01213,Chlorthalidone,2,Adverse reactions,Ambiguous-DILI-concern,Unchanged,
LT00067,Chlorzoxazone,8,Warnings & precautions,vMost-DILI-concern,Unchanged,
LT00328,Cholestyramine,3,Adverse reactions,Ambiguous-DILI-concern,Unchanged,
LT00529,Cholic acid,3,Warnings & precautions,Ambiguous-DILI-concern,New,
LT03899,Choline c-11,0,No match,vNo-DILI-concern,New,
LT01082,Choriogonadotropin alfa,3,Warnings & precautions,Ambiguous-DILI-concern,Unchanged,
LT01216,Cidofovir,5,Adverse reactions,Ambiguous-DILI-concern,Unchanged,
LT01025,Cilostazol,5,Adverse reactions,Ambiguous-DILI-concern,Unchanged,
LT01218,Cimetidine,2,Adverse reactions,vLess-DILI-concern,Unchanged,
LT01209,Cinacalcet hydrochloride,0,No match,vNo-DILI-concern,Unchanged,
LT01219,Cinchophen,8,Withdrawn,vMost-DILI-concern,Unchanged,
LT00178,Ciprofloxacin hydrochloride,7,Warnings & precautions,vMost-DILI-concern,Unchanged,
LT00978,Cisatracurium besylate,0,No match,vNo-DILI-concern,Unchanged,
LT00071,Cisplatin,3,Warnings & precautions,vLess-DILI-concern,Unchanged,
LT00219,Citalopram hydrobromide,7,Adverse reactions,vLess-DILI-concern,Unchanged,
LT01224,Cladribine,3,Warnings & precautions,vLess-DILI-concern,Revised,
LT00187,Clarithromycin,8,Warnings & precautions,vMost-DILI-concern,Unchanged,
LT02222,Clemastine fumarate,0,No match,vNo-DILI-concern,Unchanged,
LT00644,Clevidipine,0,No match,vNo-DILI-concern,Unchanged,
LT01225,Clindamycin hydrochloride,3,Warnings & precautions,vLess-DILI-concern,Unchanged,
LT02346,Clindamycin phosphate,3,Warnings & precautions,vLess-DILI-concern,Revised,
LT01542,Clobazam,3,Adverse reactions,Ambiguous-DILI-concern,New,
LT01206,Clofarabine,8,Warnings & precautions,Ambiguous-DILI-concern,Unchanged,
LT00011,Clofibrate,3,Warnings & precautions,vLess-DILI-concern,Unchanged,
LT00694,Clomacran,8,Withdrawn,vMost-DILI-concern,Unchanged,
LT01228,Clometacin,8,Withdrawn,vMost-DILI-concern,Unchanged,
LT00233,Clomiphene citrate,3,Warnings & precautions,vLess-DILI-concern,Unchanged,
LT00185,Clomipramine hydrochloride,8,Warnings & precautions,vMost-DILI-concern,Unchanged,
LT00532,Clonazepam,3,Adverse reactions,vLess-DILI-concern,Unchanged,
LT01231,Clonidine hydrochloride,3,Adverse reactions,Ambiguous-DILI-concern,Unchanged,
LT01023,Clopidogrel bisulfate,7,Adverse reactions,vLess-DILI-concern,Unchanged,
LT00341,Clorazepate dipotassium,3,Warnings & precautions,Ambiguous-DILI-concern,Unchanged,
LT00248,Clotrimazole,3,Warnings & precautions,vLess-DILI-concern,Unchanged,
LT01235,Cloxacillin sodium,3,Warnings & precautions,vLess-DILI-concern,Unchanged,
LT00287,Clozapine,5,Warnings & precautions,vMost-DILI-concern,Unchanged,
LT03578,Cobicistat,5,Adverse reactions,Ambiguous-DILI-concern,New,
LT03613,Cobimetinib fumarate,4,Warnings & precautions,Ambiguous-DILI-concern,New,
LT01269,Codeine sulfate,0,No match,vNo-DILI-concern,Unchanged,
LT00076,Colchicine,6,Adverse reactions,Ambiguous-DILI-concern,Unchanged,
LT01080,Colesevelam hydrochloride,3,Adverse reactions,Ambiguous-DILI-concern,Unchanged,
LT00881,Colestipol hydrochloride,3,Adverse reactions,vLess-DILI-concern,Revised,
LT01275,Colistimethate sodium,0,No match,vNo-DILI-concern,Unchanged,
LT01210,Conivaptan hydrochloride,0,No match,vNo-DILI-concern,Unchanged,
LT03651,Copanlisib dihydrochloride,0,No match,vNo-DILI-concern,New,
LT03900,Copper cu-64 dotatate,0,No match,vNo-DILI-concern,New,
LT00438,Corticorelin ovine triflutate,0,No match,vNo-DILI-concern,Unchanged,
LT00077,Corticotropin,0,No match,vNo-DILI-concern,Unchanged,
LT00734,Cortisone acetate,0,No match,vNo-DILI-concern,Unchanged,
LT00855,Cosyntropin,0,No match,vNo-DILI-concern,Unchanged,
LT02436,Crizotinib,8,Warnings & precautions,vMost-DILI-concern,New,
LT02430,Crofelemer,4,Adverse reactions,Ambiguous-DILI-concern,New,
LT02004,Cromoglicate,3,Adverse reactions,vLess-DILI-concern,Unchanged,
LT00361,Cupric chloride,0,No match,vNo-DILI-concern,Unchanged,
LT02002,Cyanocobalamin,0,No match,vNo-DILI-concern,Unchanged,
LT01249,Cyclobenzaprine hydrochloride,5,Adverse reactions,vLess-DILI-concern,Unchanged,
LT01250,Cyclofenil,8,Withdrawn,vMost-DILI-concern,Unchanged,
LT00013,Cyclophosphamide,5,Adverse reactions,vLess-DILI-concern,Unchanged,
LT01253,Cycloserine,3,Warnings & precautions,Ambiguous-DILI-concern,Unchanged,
LT00380,Cyclosporine,7,Warnings & precautions,vMost-DILI-concern,Unchanged,
LT01255,Cyproheptadine hydrochloride,7,Adverse reactions,vLess-DILI-concern,Unchanged,
LT01256,Cysteamine bitartrate,3,Adverse reactions,Ambiguous-DILI-concern,Unchanged,
LT00209,Cytarabine,3,Box warning,vMost-DILI-concern,Unchanged,
LT02345,Dabigatran etexilate mesylate,0,No match,vLess-DILI-concern,New,
LT02904,Dabrafenib mesylate,3,Adverse reactions,Ambiguous-DILI-concern,New,
LT00288,Dacarbazine,6,Box warning,vMost-DILI-concern,Unchanged,
LT03652,Dacomitinib,4,Adverse reactions,vLess-DILI-concern,New,
LT00079,Dactinomycin,8,Warnings & precautions,vMost-DILI-concern,Unchanged,
LT03562,Dalbavancin hydrochloride,3,Warnings & precautions,Ambiguous-DILI-concern,New,
LT03653,Dalfampridine,0,No match,vNo-DILI-concern,New,
LT00961,Dalteparin sodium,3,Adverse reactions,vLess-DILI-concern,Unchanged,
LT00539,Danazol,8,Box warning,vMost-DILI-concern,Unchanged,
LT00080,Dantrolene sodium,8,Box warning,vMost-DILI-concern,Unchanged,
LT02891,Dapagliflozin,0,No match,vNo-DILI-concern,New,
LT00289,Dapsone,3,Warnings & precautions,vLess-DILI-concern,Unchanged,
LT01200,Daptomycin,5,Adverse reactions,vLess-DILI-concern,Unchanged,
LT01374,Darbepoetin alfa,0,No match,vLess-DILI-concern,Unchanged,
LT01188,Darifenacin hydrobromide,0,No match,vNo-DILI-concern,Unchanged,
LT03654,Darolutamide,4,Adverse reactions,Ambiguous-DILI-concern,New,
LT01243,Darunavir,8,Warnings & precautions,vMost-DILI-concern,Unchanged,
LT01248,Dasatinib,4,Adverse reactions,vLess-DILI-concern,Unchanged,
LT03655,Dasiglucagon hydrochloride,0,No match,vNo-DILI-concern,New,
LT00540,Daunorubicin hydrochloride,0,No match,vNo-DILI-concern,Unchanged,
LT00385,Decitabine,4,Adverse reactions,Ambiguous-DILI-concern,Unchanged,
LT00563,Deferasirox,7,Box warning,vMost-DILI-concern,Unchanged,
LT00541,Deferiprone,3,Warnings & precautions,Ambiguous-DILI-concern,New,
LT00386,Deferoxamine mesylate,0,No match,vLess-DILI-concern,Unchanged,
LT01774,Defibrotide sodium,0,No match,vNo-DILI-concern,New,
LT02726,Deflazacort,0,No match,vNo-DILI-concern,New,
LT00655,Degarelix acetate,3,Adverse reactions,Ambiguous-DILI-concern,Unchanged,
LT03656,Delafloxacin meglumine,3,Adverse reactions,Ambiguous-DILI-concern,New,
LT00996,Delavirdine mesylate,5,Adverse reactions,Ambiguous-DILI-concern,Unchanged,
LT00081,Demeclocycline hydrochloride,3,Warnings & precautions,Ambiguous-DILI-concern,Unchanged,
LT01347,Denileukin diftitox,3,Adverse reactions,Ambiguous-DILI-concern,Unchanged,
LT03657,Deoxycholic acid,0,No match,vNo-DILI-concern,New,
LT00695,Dermatan,8,Discontinued,vMost-DILI-concern,Unchanged,
LT01265,Desipramine hydrochloride,3,Adverse reactions,Ambiguous-DILI-concern,Unchanged,
LT01085,Desloratadine,3,Adverse reactions,vLess-DILI-concern,Unchanged,
LT00896,Desmopressin acetate,3,Adverse reactions,Ambiguous-DILI-concern,Unchanged,
LT00573,Desvenlafaxine succinate,3,Adverse reactions,vLess-DILI-concern,Unchanged,
LT03658,Deutetrabenazine,0,No match,vNo-DILI-concern,New,
LT00082,Dexamethasone,3,Adverse reactions,Ambiguous-DILI-concern,Unchanged,
LT00810,Dexbrompheniramine maleate,0,No match,vNo-DILI-concern,Unchanged,
LT00682,Dexchlorpheniramine maleate,0,No match,vNo-DILI-concern,Unchanged,
LT01266,Dexlansoprazole,4,Adverse reactions,vLess-DILI-concern,Unchanged,
LT01063,Dexmedetomidine hydrochloride,4,Adverse reactions,Ambiguous-DILI-concern,Unchanged,
LT02909,Dexmethylphenidate hydrochloride,7,Adverse reactions,vLess-DILI-concern,Unchanged,
LT01972,Dexpanthenol,0,No match,vNo-DILI-concern,Unchanged,
LT01273,Dexrazoxane hydrochloride,4,Adverse reactions,Ambiguous-DILI-concern,Unchanged,
LT00870,Dextroamphetamine sulfate,0,No match,vNo-DILI-concern,Unchanged,
LT02056,Dextromethorphan polistirex,0,No match,vNo-DILI-concern,Unchanged,
LT00327,Dextrose,0,No match,vNo-DILI-concern,Unchanged,
LT00774,Diatrizoate sodium,0,No match,vNo-DILI-concern,Unchanged,
LT00230,Diazepam,4,Adverse reactions,vLess-DILI-concern,Revised,
LT00865,Diazoxide,3,Warnings & precautions,Ambiguous-DILI-concern,Unchanged,
LT00802,Dichlorphenamide,0,No match,vNo-DILI-concern,Unchanged,
LT00084,Diclofenac sodium,8,Warnings & precautions,vMost-DILI-concern,Unchanged,
LT02041,Dicloxacillin sodium,3,Warnings & precautions,vLess-DILI-concern,Unchanged,
LT00737,Dicyclomine hydrochloride,0,No match,vNo-DILI-concern,Unchanged,
LT01285,Didanosine,8,Warnings & precautions,vMost-DILI-concern,Unchanged,
LT00806,Diethylpropion hydrochloride,0,No match,vNo-DILI-concern,Unchanged,
LT03659,Difelikefalin acetate,0,No match,vNo-DILI-concern,New,
LT00085,Diflunisal,8,Warnings & precautions,vMost-DILI-concern,Unchanged,
LT00292,Digoxin,0,No match,vNo-DILI-concern,Unchanged,
LT02218,Dihydroergotamine mesylate,0,No match,vNo-DILI-concern,Unchanged,
LT01292,Diltiazem hydrochloride,4,Warnings & precautions,vMost-DILI-concern,Unchanged,
LT00545,Dimenhydrinate,0,No match,vNo-DILI-concern,Unchanged,
LT00074,Dimercaprol,0,No match,vNo-DILI-concern,Unchanged,
LT02877,Dimethyl fumarate,4,Warnings & precautions,vMost-DILI-concern,New,
LT00087,Diphenhydramine hydrochloride,0,No match,vNo-DILI-concern,Unchanged,
LT01623,Diphenoxylate,0,No match,vNo-DILI-concern,Unchanged,
LT00294,Dipyridamole,3,Warnings & precautions,Ambiguous-DILI-concern,Unchanged,
LT03660,Diroximel fumarate,4,Warnings & precautions,Ambiguous-DILI-concern,New,
LT01302,Disopyramide phosphate,2,Adverse reactions,vLess-DILI-concern,Unchanged,
LT00295,Disulfiram,8,Warnings & precautions,vMost-DILI-concern,Unchanged,
LT00684,Divalproex sodium,8,Box warning,vMost-DILI-concern,Unchanged,
LT01308,Dobutamine hydrochloride,0,No match,vNo-DILI-concern,Unchanged,
LT01309,Docetaxel,3,Warnings & precautions,vLess-DILI-concern,Unchanged,
LT01040,Dofetilide,0,No match,vLess-DILI-concern,Revised,
LT00986,Dolasetron mesylate,3,Adverse reactions,Ambiguous-DILI-concern,Unchanged,
LT02905,Dolutegravir sodium,8,Warnings & precautions,vMost-DILI-concern,New,
LT00052,Donepezil hydrochloride,3,Adverse reactions,vLess-DILI-concern,Unchanged,
LT00015,Dopamine hydrochloride,0,No match,vNo-DILI-concern,Unchanged,
LT03661,Doravirine,4,Adverse reactions,Ambiguous-DILI-concern,New,
LT00623,Doripenem,3,Adverse reactions,Ambiguous-DILI-concern,Unchanged,
LT00547,Doxapram hydrochloride,0,No match,vNo-DILI-concern,Unchanged,
LT01313,Doxazosin mesylate,3,Adverse reactions,vLess-DILI-concern,Revised,
LT01314,Doxepin hydrochloride,4,Adverse reactions,vLess-DILI-concern,Unchanged,
LT00464,Doxercalciferol,3,Adverse reactions,Ambiguous-DILI-concern,Unchanged,
LT00335,Doxorubicin hydrochloride,3,Adverse reactions,vLess-DILI-concern,Unchanged,
LT00393,Doxycycline,3,Adverse reactions,vLess-DILI-concern,Unchanged,
LT00727,Doxylamine succinate,0,No match,vNo-DILI-concern,Unchanged,
LT00909,Dronabinol,3,Adverse reactions,Ambiguous-DILI-concern,Unchanged,
LT00671,Dronedarone hydrochloride,7,Warnings & precautions,vMost-DILI-concern,Unchanged,
LT01317,Droperidol,0,No match,vNo-DILI-concern,Unchanged,
LT01318,Droxicam,8,Withdrawn,vMost-DILI-concern,Unchanged,
LT01788,Droxidopa,0,No match,vNo-DILI-concern,New,
LT02035,Duloxetine hydrochloride,8,Warnings & precautions,vMost-DILI-concern,Unchanged,
LT01112,Dutasteride,0,No match,vNo-DILI-concern,Unchanged,
LT03662,Duvelisib,4,Warnings & precautions,Ambiguous-DILI-concern,New,
LT00740,Dyphylline,0,No match,vNo-DILI-concern,Unchanged,
LT01849,Ebrotidine,8,Withdrawn,vMost-DILI-concern,Unchanged,
LT00683,Ecallantide,0,No match,vNo-DILI-concern,Unchanged,
LT01414,Eculizumab,0,No match,vLess-DILI-concern,Revised,
LT03663,Edaravone,0,No match,vNo-DILI-concern,New,
LT00760,Edetate calcium disodium,3,Warnings & precautions,Ambiguous-DILI-concern,Unchanged,
LT03664,Edoxaban tosylate,3,Adverse reactions,Ambiguous-DILI-concern,New,
LT02093,Edrophonium chloride,0,No match,vNo-DILI-concern,Unchanged,
LT01323,Efavirenz,7,Warnings & precautions,vMost-DILI-concern,Unchanged,
LT03665,Elagolix sodium,3,Warnings & precautions,Ambiguous-DILI-concern,New,
LT02024,Eletriptan hydrobromide,3,Adverse reactions,Ambiguous-DILI-concern,Unchanged,
LT03666,Eliglustat tartrate,0,No match,vNo-DILI-concern,New,
LT00663,Eltrombopag olamine,4,Box warning,vMost-DILI-concern,Unchanged,
LT03605,Eluxadoline,3,Adverse reactions,Ambiguous-DILI-concern,New,
LT03667,Empagliflozin,0,No match,vNo-DILI-concern,New,
LT00515,Emtricitabine,2,Warnings & precautions,Ambiguous-DILI-concern,Unchanged,
LT00296,Enalapril maleate,7,Adverse reactions,vLess-DILI-concern,Unchanged,
LT00381,Enalaprilat,7,Adverse reactions,Ambiguous-DILI-concern,Unchanged,
LT03668,Enasidenib mesylate,4,Adverse reactions,Ambiguous-DILI-concern,New,
LT03669,Encorafenib,3,Adverse reactions,Ambiguous-DILI-concern,New,
LT01169,Enfuvirtide,3,Warnings & precautions,Ambiguous-DILI-concern,Unchanged,
LT00954,Enoxaparin sodium,3,Adverse reactions,vLess-DILI-concern,Unchanged,
LT01968,Entacapone,0,No match,vLess-DILI-concern,Unchanged,
LT00538,Entecavir,7,Warnings & precautions,Ambiguous-DILI-concern,Unchanged,
LT03670,Entrectinib,3,Warnings & precautions,Ambiguous-DILI-concern,New,
LT02444,Enzalutamide,0,No match,vNo-DILI-concern,New,
LT01666,Ephedrine sulfate,0,No match,vNo-DILI-concern,Unchanged,
LT00742,Epinephrine,0,No match,vNo-DILI-concern,Unchanged,
LT00091,Epirubicin hydrochloride,3,Warnings & precautions,Ambiguous-DILI-concern,Unchanged,
LT01149,Eplerenone,4,Adverse reactions,vLess-DILI-concern,Revised,
LT01316,Epoetin alfa,0,No match,vNo-DILI-concern,Unchanged,
LT00971,Epoprostenol sodium,7,Adverse reactions,Ambiguous-DILI-concern,Unchanged,
LT01001,Eprosartan mesylate,3,Adverse reactions,Ambiguous-DILI-concern,Unchanged,
LT00999,Eptifibatide,0,No match,vNo-DILI-concern,Unchanged,
LT03671,Eravacycline dihydrochloride,3,Adverse reactions,Ambiguous-DILI-concern,New,
LT03672,Erdafitinib,3,Adverse reactions,Ambiguous-DILI-concern,New,
LT00194,Ergocalciferol,0,No match,vNo-DILI-concern,Unchanged,
LT02386,Eribulin mesylate,4,Adverse reactions,Ambiguous-DILI-concern,New,
LT01214,Erlotinib hydrochloride,8,Warnings & precautions,vMost-DILI-concern,Unchanged,
LT01122,Ertapenem sodium,3,Warnings & precautions,Ambiguous-DILI-concern,Unchanged,
LT03673,Ertugliflozin,0,No match,vNo-DILI-concern,New,
LT00092,Erythromycin estolate,5,Warnings & precautions,vMost-DILI-concern,Unchanged,
LT02330,Erythropoietin,0,No match,vNo-DILI-concern,Unchanged,
LT02929,Escitalopram oxalate,7,Adverse reactions,vLess-DILI-concern,Unchanged,
LT02881,Eslicarbazepine acetate,3,Warnings & precautions,Ambiguous-DILI-concern,New,
LT01333,Esmolol hydrochloride,0,No match,vNo-DILI-concern,Unchanged,
LT01589,Esomeprazole sodium,4,Adverse reactions,vLess-DILI-concern,Unchanged,
LT01334,Estazolam,0,No match,vNo-DILI-concern,Unchanged,
LT00016,Estradiol valerate,2,Adverse reactions,vLess-DILI-concern,Unchanged,
LT01342,Estramustine phosphate sodium,4,Warnings & precautions,vMost-DILI-concern,Unchanged,
LT02424,"Estrogens, conjugated",1,Adverse reactions,Ambiguous-DILI-concern,Unchanged,
LT02043,Estrone,2,Warnings & precautions,Ambiguous-DILI-concern,Unchanged,
LT00677,Estropipate,2,Adverse reactions,Ambiguous-DILI-concern,Unchanged,
LT01161,Eszopiclone,3,Adverse reactions,vLess-DILI-concern,Revised,
LT01353,Etanercept,3,Warnings & precautions,vLess-DILI-concern,Unchanged,
LT03674,Etelcalcetide,0,No match,vNo-DILI-concern,New,
LT03675,Eteplirsen,0,No match,vNo-DILI-concern,New,
LT01344,Ethacrynic acid,5,Adverse reactions,Ambiguous-DILI-concern,Unchanged,
LT01345,Ethambutol hydrochloride,8,Warnings & precautions,vMost-DILI-concern,Unchanged,
LT00926,Ethanolamine oleate,0,No match,vNo-DILI-concern,Unchanged,
LT01348,Ethionamide,3,Warnings & precautions,vLess-DILI-concern,Unchanged,
LT00831,Ethosuximide,3,Warnings & precautions,Ambiguous-DILI-concern,Unchanged,
LT00795,Ethotoin,3,Warnings & precautions,Ambiguous-DILI-concern,Unchanged,
LT01355,Etidronate disodium,0,No match,vNo-DILI-concern,Unchanged,
LT00240,Etodolac,8,Warnings & precautions,vMost-DILI-concern,Unchanged,
LT01357,Etomidate,0,No match,vNo-DILI-concern,Unchanged,
LT01193,Etonogestrel,5,Warnings & precautions,Ambiguous-DILI-concern,Unchanged,
LT00094,Etoposide,3,Adverse reactions,vLess-DILI-concern,Unchanged,
LT00653,Etravirine,8,Warnings & precautions,vMost-DILI-concern,Unchanged,
LT01267,Everolimus,4,Adverse reactions,vLess-DILI-concern,Revised,
LT00394,Exemestane,4,Warnings & precautions,vMost-DILI-concern,Unchanged,
LT00537,Exenatide synthetic,0,No match,vNo-DILI-concern,Unchanged,
LT01359,Exifone,8,Withdrawn,vMost-DILI-concern,Unchanged,
LT01153,Ezetimibe,3,Warnings & precautions,vLess-DILI-concern,Unchanged,
LT01870,Falnidamol,8,Discontinued,vMost-DILI-concern,Unchanged,
LT00270,Famciclovir,3,Adverse reactions,Ambiguous-DILI-concern,Unchanged,
LT00095,Famotidine,3,Adverse reactions,vLess-DILI-concern,Unchanged,
LT00554,Febuxostat,8,Warnings & precautions,vMost-DILI-concern,Unchanged,
LT03676,Fedratinib hydrochloride,3,Warnings & precautions,Ambiguous-DILI-concern,New,
LT00097,Felbamate,7,Box warning,vMost-DILI-concern,Unchanged,
LT00397,Felodipine,3,Adverse reactions,vLess-DILI-concern,Unchanged,
LT01846,Fenclozic acid,8,Withdrawn,vMost-DILI-concern,Unchanged,
LT00098,Fenofibrate,3,Warnings & precautions,vLess-DILI-concern,Unchanged,
LT00670,Fenofibric acid,2,Warnings & precautions,vLess-DILI-concern,Revised,
LT00944,Fenoldopam mesylate,0,No match,vNo-DILI-concern,Unchanged,
LT00099,Fenoprofen calcium,8,Warnings & precautions,vMost-DILI-concern,Unchanged,
LT03677,Ferric maltol,0,No match,vNo-DILI-concern,New,
LT00967,Ferumoxides,0,No match,vNo-DILI-concern,Unchanged,
LT00966,Ferumoxsil,0,No match,vNo-DILI-concern,Unchanged,
LT00650,Ferumoxytol,0,No match,vNo-DILI-concern,Unchanged,
LT00590,Fesoterodine fumarate,0,No match,vNo-DILI-concern,Unchanged,
LT03678,Fexinidazole,3,Warnings & precautions,Ambiguous-DILI-concern,New,
LT01370,Fexofenadine hydrochloride,0,No match,vNo-DILI-concern,Unchanged,
LT01371,Fialuridine,8,Discontinued,vMost-DILI-concern,Unchanged,
LT02357,Fidaxomicin,3,Adverse reactions,Ambiguous-DILI-concern,New,
LT00701,Fiduxosin,8,Discontinued,vMost-DILI-concern,Unchanged,
LT01320,Filgrastim,1,Adverse reactions,vLess-DILI-concern,Revised,
LT00167,Finasteride,0,No match,vLess-DILI-concern,Unchanged,
LT03679,Finerenone,0,No match,vNo-DILI-concern,New,
LT02342,Fingolimod hydrochloride,8,Warnings & precautions,vMost-DILI-concern,New,
LT01372,Fipexide,8,Withdrawn,vMost-DILI-concern,Unchanged,
LT00857,Flavoxate hydrochloride,0,No match,vLess-DILI-concern,Revised,
LT01375,Flecainide acetate,7,Adverse reactions,vLess-DILI-concern,Unchanged,
LT03680,Flibanserin,0,No match,vNo-DILI-concern,New,
LT03903,Florbetaben f-18,0,No match,vNo-DILI-concern,New,
LT03904,Florbetapir f-18,0,No match,vNo-DILI-concern,New,
LT03905,Flortaucipir f-18,0,No match,vNo-DILI-concern,New,
LT03906,Fluciclovine f-18,0,No match,vNo-DILI-concern,New,
LT00179,Fluconazole,8,Warnings & precautions,vMost-DILI-concern,Unchanged,
LT01381,Flucytosine,3,Warnings & precautions,Ambiguous-DILI-concern,Unchanged,
LT01382,Fludarabine phosphate,0,No match,vNo-DILI-concern,Unchanged,
LT00399,Fludrocortisone acetate,0,No match,vNo-DILI-concern,Unchanged,
LT01384,Flumazenil,0,No match,vNo-DILI-concern,Unchanged,
LT00894,Fluorescein sodium,0,No match,vNo-DILI-concern,Unchanged,
LT03907,Fluorodopa f-18,0,No match,vNo-DILI-concern,New,
LT03908,Fluoroestradiol f-18,0,No match,vNo-DILI-concern,New,
LT01029,Fluorouracil,0,No match,vLess-DILI-concern,Unchanged,
LT00018,Fluoxetine hydrochloride,3,Adverse reactions,vLess-DILI-concern,Unchanged,
LT02031,Fluoxymesterone,8,Warnings & precautions,Ambiguous-DILI-concern,Unchanged,
LT00400,Fluphenazine hydrochloride,3,Warnings & precautions,Ambiguous-DILI-concern,Unchanged,
LT01394,Flurazepam hydrochloride,4,Adverse reactions,vLess-DILI-concern,Unchanged,
LT00298,Flurbiprofen sodium,3,Warnings & precautions,vLess-DILI-concern,Revised,
LT00101,Flutamide,8,Box warning,vMost-DILI-concern,Unchanged,
LT03909,Flutemetamol f-18,0,No match,vNo-DILI-concern,New,
LT00172,Fluvastatin sodium,3,Warnings & precautions,vLess-DILI-concern,Unchanged,
LT01396,Fluvoxamine maleate,3,Adverse reactions,Ambiguous-DILI-concern,Unchanged,
LT01580,Folic acid,0,No match,vNo-DILI-concern,Unchanged,
LT01953,Follitropin alfa/beta,3,Warnings & precautions,Ambiguous-DILI-concern,Unchanged,
LT00494,Fomepizole,3,Warnings & precautions,Ambiguous-DILI-concern,Unchanged,
LT01125,Fondaparinux sodium,3,Adverse reactions,vLess-DILI-concern,Unchanged,
LT01194,Fosamprenavir calcium,3,Warnings & precautions,Ambiguous-DILI-concern,Unchanged,
LT01257,Fosaprepitant dimeglumine,3,Adverse reactions,Ambiguous-DILI-concern,Unchanged,
LT01397,Foscarnet sodium,3,Adverse reactions,Ambiguous-DILI-concern,Unchanged,
LT03681,Fosdenopterin hydrobromide,0,No match,vNo-DILI-concern,New,
LT01398,Fosfomycin tromethamine,6,Adverse reactions,vLess-DILI-concern,Unchanged,
LT01399,Fosinopril sodium,3,Adverse reactions,vLess-DILI-concern,Unchanged,
LT01400,Fosphenytoin sodium,8,Warnings & precautions,vMost-DILI-concern,Unchanged,
LT00658,Fospropofol disodium,0,No match,vLess-DILI-concern,Unchanged,
LT03682,Fostamatinib disodium,3,Warnings & precautions,Ambiguous-DILI-concern,New,
LT03683,Fostemsavir tromethamine,3,Warnings & precautions,Ambiguous-DILI-concern,New,
LT01054,Frovatriptan succinate,0,No match,vNo-DILI-concern,Unchanged,
LT00401,Fulvestrant,7,Adverse reactions,Ambiguous-DILI-concern,Unchanged,
LT00299,Furosemide,2,Adverse reactions,Ambiguous-DILI-concern,Unchanged,
LT00300,Gabapentin,3,Warnings & precautions,vLess-DILI-concern,Unchanged,
LT03684,Gabapentin enacarbil,0,No match,vNo-DILI-concern,New,
LT01127,Gadobenate dimeglumine,0,No match,vNo-DILI-concern,Unchanged,
LT02336,Gadobutrol,0,No match,vNo-DILI-concern,New,
LT00951,Gadodiamide,3,Adverse reactions,Ambiguous-DILI-concern,Unchanged,
LT00528,Gadofosveset trisodium,0,No match,vNo-DILI-concern,Unchanged,
LT00935,Gadopentetate dimeglumine,0,No match,vNo-DILI-concern,Unchanged,
LT02876,Gadoterate meglumine,0,No match,vNo-DILI-concern,New,
LT00952,Gadoteridol,0,No match,vNo-DILI-concern,Unchanged,
LT01044,Gadoversetamide,0,No match,vNo-DILI-concern,Unchanged,
LT02404,Gadoxetate disodium,0,No match,vNo-DILI-concern,Unchanged,
LT01086,Galantamine hydrobromide,3,Adverse reactions,Ambiguous-DILI-concern,Unchanged,
LT03901,Gallium dotatate ga-68,0,No match,vNo-DILI-concern,New,
LT03902,Gallium ga-68 edotreotide,0,No match,vNo-DILI-concern,New,
LT03910,Gallium ga-68 gozetotide,0,No match,vNo-DILI-concern,New,
LT02064,Gallium nitrate,3,Adverse reactions,Ambiguous-DILI-concern,Unchanged,
LT01401,Galsulfase,0,No match,vNo-DILI-concern,Unchanged,
LT01406,Ganciclovir sodium,7,Adverse reactions,Ambiguous-DILI-concern,Unchanged,
LT00475,Ganirelix acetate,0,No match,vNo-DILI-concern,Unchanged,
LT00402,Gefitinib,4,Warnings & precautions,vMost-DILI-concern,Unchanged,
LT01407,Gemcitabine hydrochloride,8,Warnings & precautions,vMost-DILI-concern,Unchanged,
LT00020,Gemfibrozil,4,Warnings & precautions,vMost-DILI-concern,Unchanged,
LT01084,Gemifloxacin mesylate,3,Warnings & precautions,vLess-DILI-concern,Unchanged,
LT00477,Gemtuzumab ozogamicin,8,Box warning,vMost-DILI-concern,Unchanged,
LT03685,Gilteritinib fumarate,3,Adverse reactions,Ambiguous-DILI-concern,New,
LT03686,Givosiran sodium,3,Warnings & precautions,vLess-DILI-concern,New,
LT02092,Glafenine,8,Withdrawn,vMost-DILI-concern,Unchanged,
LT03687,Glasdegib maleate,4,Adverse reactions,Ambiguous-DILI-concern,New,
LT00985,Glatiramer acetate,3,Adverse reactions,vLess-DILI-concern,Revised,
LT00173,Glimepiride,7,Adverse reactions,vLess-DILI-concern,Unchanged,
LT00243,Glipizide,3,Adverse reactions,vLess-DILI-concern,Unchanged,
LT00302,Glyburide,3,Adverse reactions,vLess-DILI-concern,Unchanged,
LT00836,Glycopyrrolate,0,No match,vNo-DILI-concern,Unchanged,
LT01419,Golimumab,8,Adverse reactions,Ambiguous-DILI-concern,Unchanged,
LT03688,Golodirsen,0,No match,vNo-DILI-concern,New,
LT00939,Goserelin acetate,3,Adverse reactions,Ambiguous-DILI-concern,Unchanged,
LT00557,Granisetron hydrochloride,3,Adverse reactions,Ambiguous-DILI-concern,Unchanged,
LT00558,Griseofulvin,8,Warnings & precautions,vMost-DILI-concern,Unchanged,
LT01100,Guaifenesin,0,No match,vNo-DILI-concern,Unchanged,
LT00829,Guanethidine monosulfate,0,No match,vNo-DILI-concern,Unchanged,
LT01422,Guanfacine hydrochloride,3,Adverse reactions,Ambiguous-DILI-concern,Unchanged,
LT00708,Guanidine hydrochloride,3,Adverse reactions,Ambiguous-DILI-concern,Unchanged,
LT02427,Haloperidol decanoate,3,Adverse reactions,vLess-DILI-concern,Revised,
LT00405,Haloperidol lactate,5,Adverse reactions,vLess-DILI-concern,Unchanged,
LT01426,Heparin sodium,3,Adverse reactions,vLess-DILI-concern,Unchanged,
LT02382,Hetastarch,0,No match,vNo-DILI-concern,Unchanged,
LT00706,Histamine phosphate,0,No match,vNo-DILI-concern,Unchanged,
LT00426,Histrelin acetate,3,Adverse reactions,Ambiguous-DILI-concern,Unchanged,
LT00725,Hyaluronidase,0,No match,vNo-DILI-concern,Unchanged,
LT02913,Hyaluronidase recombinant human,0,No match,vNo-DILI-concern,Unchanged,
LT00559,Hydralazine hydrochloride,3,Adverse reactions,vLess-DILI-concern,Unchanged,
LT01433,Hydrochlorothiazide,2,Adverse reactions,vLess-DILI-concern,Unchanged,
LT00188,Hydrocortisone acetate,0,No match,vNo-DILI-concern,Unchanged,
LT00814,Hydroflumethiazide,2,Adverse reactions,Ambiguous-DILI-concern,Unchanged,
LT00919,Hydromorphone hydrochloride,3,Adverse reactions,Ambiguous-DILI-concern,Unchanged,
LT01258,Hydroxocobalamin,3,Adverse reactions,Ambiguous-DILI-concern,Unchanged,
LT02026,Hydroxychloroquine sulfate,7,Adverse reactions,vLess-DILI-concern,Unchanged,
LT00110,Hydroxyprogesterone caproate,2,Warnings & precautions,Ambiguous-DILI-concern,Unchanged,
LT00106,Hydroxyurea,8,Warnings & precautions,vMost-DILI-concern,Unchanged,
LT01437,Hydroxyzine hydrochloride,0,No match,vNo-DILI-concern,Unchanged,
LT01156,Ibandronate sodium,0,No match,vLess-DILI-concern,Revised,
LT03689,Ibrexafungerp citrate,3,Adverse reactions,Ambiguous-DILI-concern,New,
LT01378,Ibritumomab tiuxetan,0,No match,vNo-DILI-concern,Unchanged,
LT02898,Ibrutinib,7,Adverse reactions,vMost-DILI-concern,New,
LT00560,Ibufenac,8,Withdrawn,vMost-DILI-concern,Unchanged,
LT00199,Ibuprofen,3,Warnings & precautions,vLess-DILI-concern,Unchanged,
LT00974,Ibutilide fumarate,0,No match,vNo-DILI-concern,Unchanged,
LT01784,Icatibant acetate,3,Adverse reactions,Ambiguous-DILI-concern,New,
LT01440,Idarubicin hydrochloride,3,Warnings & precautions,Ambiguous-DILI-concern,Unchanged,
LT03610,Idelalisib,8,Box warning,vMost-DILI-concern,New,
LT01409,Idursulfase,0,No match,vNo-DILI-concern,Unchanged,
LT00562,Ifosfamide,4,Adverse reactions,vLess-DILI-concern,Unchanged,
LT00654,Iloperidone,2,Adverse reactions,Ambiguous-DILI-concern,Unchanged,
LT00107,Imatinib mesylate,8,Warnings & precautions,vMost-DILI-concern,Unchanged,
LT02384,Imiglucerase,0,No match,vNo-DILI-concern,Unchanged,
LT00108,Imipramine hydrochloride,3,Adverse reactions,vLess-DILI-concern,Unchanged,
LT01076,Inamrinone lactate,5,Adverse reactions,Ambiguous-DILI-concern,Unchanged,
LT03691,Inclisiran sodium,4,Adverse reactions,vLess-DILI-concern,New,
LT01444,Indapamide,5,Adverse reactions,Ambiguous-DILI-concern,Unchanged,
LT01446,Indinavir sulfate,8,Warnings & precautions,Ambiguous-DILI-concern,Unchanged,
LT00141,Indocyanine green,0,No match,vNo-DILI-concern,Unchanged,
LT00022,Indomethacin,8,Warnings & precautions,vMost-DILI-concern,Unchanged,
LT03692,Infigratinib phosphate,4,Adverse reactions,Ambiguous-DILI-concern,New,
LT01350,Infliximab,8,Warnings & precautions,vMost-DILI-concern,Unchanged,
LT03693,Inotersen sodium,3,Warnings & precautions,Ambiguous-DILI-concern,New,
LT01311,"Interferon alfa-2a, recombinant",8,Warnings & precautions,vMost-DILI-concern,Unchanged,
LT01306,Interferon alfa-2b,8,Warnings & precautions,vMost-DILI-concern,Unchanged,
LT01336,Interferon alfacon-1,7,Warnings & precautions,vMost-DILI-concern,Unchanged,
LT01332,Interferon beta-1a,7,Warnings & precautions,vMost-DILI-concern,Unchanged,
LT01328,Interferon beta-1b,7,Warnings & precautions,vMost-DILI-concern,Unchanged,
LT01354,Interferon gamma-1b,3,Warnings & precautions,Ambiguous-DILI-concern,Unchanged,
LT01454,Iodipamide sodium,0,No match,vNo-DILI-concern,Unchanged,
LT03911,Ioflupane i-123,0,No match,vNo-DILI-concern,New,
LT00257,Iothalamate meglumine,0,No match,vNo-DILI-concern,Unchanged,
LT00419,Ioversol,0,No match,vNo-DILI-concern,Unchanged,
LT00109,Iproniazid,8,Withdrawn,vMost-DILI-concern,Unchanged,
LT01005,Irbesartan,5,Adverse reactions,vLess-DILI-concern,Unchanged,
LT01466,Irinotecan hydrochloride,3,Adverse reactions,vLess-DILI-concern,Unchanged,
LT03694,Isavuconazonium sulfate,8,Warnings & precautions,Ambiguous-DILI-concern,New,
LT00696,Isaxonine,8,Withdrawn,vMost-DILI-concern,Unchanged,
LT01469,Isocarboxazid,5,Warnings & precautions,Ambiguous-DILI-concern,Unchanged,
LT00306,Isoniazid,8,Box warning,vMost-DILI-concern,Unchanged,
LT00200,Isoproterenol hydrochloride,0,No match,vNo-DILI-concern,Unchanged,
LT00818,Isosorbide dinitrate,0,No match,vNo-DILI-concern,Unchanged,
LT00340,Isosorbide mononitrate,3,Adverse reactions,Ambiguous-DILI-concern,Unchanged,
LT00234,Isotretinoin,5,Warnings & precautions,vMost-DILI-concern,Unchanged,
LT02089,Isoxsuprine hydrochloride,0,No match,vNo-DILI-concern,Unchanged,
LT01475,Isradipine,3,Adverse reactions,vLess-DILI-concern,Unchanged,
LT03695,Istradefylline,0,No match,vNo-DILI-concern,New,
LT00182,Itraconazole,8,Warnings & precautions,vMost-DILI-concern,Unchanged,
LT02665,Ivabradine hydrochloride,0,No match,vNo-DILI-concern,New,
LT02431,Ivacaftor,3,Warnings & precautions,vLess-DILI-concern,New,
LT00568,Ivermectin,3,Adverse reactions,vLess-DILI-concern,Unchanged,
LT03696,Ivosidenib,4,Adverse reactions,Ambiguous-DILI-concern,New,
LT02203,Ixabepilone,7,Adverse reactions,Ambiguous-DILI-concern,Unchanged,
LT03697,Ixazomib citrate,5,Warnings & precautions,Ambiguous-DILI-concern,New,
LT01477,Kanamycin,0,No match,vNo-DILI-concern,Unchanged,
LT00859,Ketamine hydrochloride,0,No match,vLess-DILI-concern,Unchanged,
LT00111,Ketoconazole,8,Box warning,vMost-DILI-concern,Unchanged,
LT00023,Ketoprofen,3,Warnings & precautions,vLess-DILI-concern,Unchanged,
LT00204,Ketorolac tromethamine,3,Warnings & precautions,vLess-DILI-concern,Unchanged,
LT00112,Labetalol hydrochloride,8,Warnings & precautions,vMost-DILI-concern,Unchanged,
LT00660,Lacosamide,3,Warnings & precautions,Ambiguous-DILI-concern,Unchanged,
LT02745,Lactitol,0,No match,vNo-DILI-concern,New,
LT00886,Lactulose,0,No match,vNo-DILI-concern,Unchanged,
LT00569,Lamivudine,3,Warnings & precautions,vLess-DILI-concern,Unchanged,
LT01481,Lamotrigine,7,Warnings & precautions,vMost-DILI-concern,Unchanged,
LT00617,Lanreotide acetate,2,Adverse reactions,Ambiguous-DILI-concern,Unchanged,
LT00307,Lansoprazole,3,Adverse reactions,vLess-DILI-concern,Unchanged,
LT00493,Lanthanum carbonate,0,No match,vNo-DILI-concern,Unchanged,
LT02204,Lapatinib ditosylate,8,Box warning,vMost-DILI-concern,Unchanged,
LT02907,Laronidase,4,Adverse reactions,Ambiguous-DILI-concern,Unchanged,
LT03698,Larotrectinib sulfate,3,Warnings & precautions,Ambiguous-DILI-concern,New,
LT03699,Lasmiditan succinate,0,No match,vNo-DILI-concern,New,
LT00933,L-Cysteine,3,Warnings & precautions,Ambiguous-DILI-concern,Unchanged,
LT03852,Lefamulin acetate,3,Adverse reactions,Ambiguous-DILI-concern,New,
LT00113,Leflunomide,8,Box warning,vMost-DILI-concern,Unchanged,
LT03700,Lemborexant,0,No match,vNo-DILI-concern,New,
LT01238,Lenalidomide,3,Warnings & precautions,vLess-DILI-concern,Unchanged,
LT03616,Lenvatinib mesylate,7,Warnings & precautions,Ambiguous-DILI-concern,New,
LT01013,Lepirudin,3,Adverse reactions,Ambiguous-DILI-concern,Unchanged,
LT03701,Letermovir,0,No match,vLess-DILI-concern,New,
LT00572,Letrozole,2,Warnings & precautions,vLess-DILI-concern,Unchanged,
LT02192,Leucovorin calcium,0,No match,vNo-DILI-concern,Unchanged,
LT02019,Leuprolide acetate,3,Adverse reactions,vLess-DILI-concern,Unchanged,
LT03702,Levamlodipine maleate,5,Adverse reactions,Ambiguous-DILI-concern,New,
LT01059,Levetiracetam,8,Adverse reactions,vLess-DILI-concern,Unchanged,
LT01486,Levocarnitine,0,No match,vNo-DILI-concern,Unchanged,
LT00600,Levocetirizine dihydrochloride,4,Adverse reactions,vLess-DILI-concern,Unchanged,
LT01488,Levofloxacin,8,Warnings & precautions,vMost-DILI-concern,Unchanged,
LT02437,Levoleucovorin,0,No match,vNo-DILI-concern,Unchanged,
LT02442,Levomefolate calcium,0,No match,vNo-DILI-concern,Unchanged,
LT01489,Levonorgestrel,0,No match,vNo-DILI-concern,Unchanged,
LT00752,Levorphanol tartrate,0,No match,vNo-DILI-concern,Unchanged,
LT01072,Levothyroxine sodium,3,Adverse reactions,vLess-DILI-concern,Unchanged,
LT00482,L-glutamine,3,Adverse reactions,Ambiguous-DILI-concern,Unchanged,
LT01905,Lidocaine,0,No match,vNo-DILI-concern,Unchanged,
LT02412,Linaclotide,0,No match,vNo-DILI-concern,New,
LT02445,Linagliptin,0,No match,vLess-DILI-concern,New,
LT01491,Lincomycin hydrochloride,3,Warnings & precautions,Ambiguous-DILI-concern,Unchanged,
LT01077,Linezolid,3,Adverse reactions,vLess-DILI-concern,Unchanged,
LT00783,Liothyronine sodium,0,No match,vNo-DILI-concern,Unchanged,
LT01268,Liraglutide,4,Adverse reactions,vLess-DILI-concern,New,
LT00571,Lisdexamfetamine dimesylate,3,Adverse reactions,Ambiguous-DILI-concern,Unchanged,
LT01492,Lisinopril,3,Adverse reactions,vLess-DILI-concern,Unchanged,
LT01776,Lofexidine hydrochloride,0,No match,vNo-DILI-concern,New,
LT00574,Lomefloxacin hydrochloride,4,Adverse reactions,Ambiguous-DILI-concern,Unchanged,
LT02398,Lomitapide mesylate,3,Box warning,vMost-DILI-concern,New,
LT00575,Lomustine,3,Warnings & precautions,vLess-DILI-concern,Unchanged,
LT03703,Lonafarnib,3,Warnings & precautions,Ambiguous-DILI-concern,New,
LT02087,Loperamide hydrochloride,0,No match,vNo-DILI-concern,Unchanged,
LT01497,Loracarbef,3,Adverse reactions,vLess-DILI-concern,Unchanged,
LT01498,Loratadine,0,No match,vNo-DILI-concern,Unchanged,
LT00181,Lorazepam,3,Warnings & precautions,vLess-DILI-concern,Revised,
LT03704,Lorlatinib,3,Adverse reactions,Ambiguous-DILI-concern,New,
LT01499,Losartan potassium,4,Adverse reactions,vLess-DILI-concern,Unchanged,
LT00576,Lovastatin,3,Warnings & precautions,vLess-DILI-concern,Unchanged,
LT01501,Loxapine succinate,5,Adverse reactions,Ambiguous-DILI-concern,Unchanged,
LT01240,Lubiprostone,0,No match,vNo-DILI-concern,Unchanged,
LT03705,Lumasiran sodium,0,No match,vNo-DILI-concern,New,
LT03706,Lumateperone tosylate,3,Adverse reactions,Ambiguous-DILI-concern,New,
LT00686,Lumiracoxib,8,Withdrawn,vMost-DILI-concern,Unchanged,
LT02411,Lurasidone hydrochloride,0,No match,vNo-DILI-concern,New,
LT03707,Lurbinectedin,3,Warnings & precautions,Ambiguous-DILI-concern,New,
LT03708,Lusutrombopag,0,No match,vNo-DILI-concern,New,
LT03912,Lutetium lu 177 dotatate,6,Warnings & precautions,Ambiguous-DILI-concern,New,
LT03709,Macimorelin acetate,0,No match,vNo-DILI-concern,New,
LT02451,Macitentan,7,Warnings & precautions,vMost-DILI-concern,New,
LT00024,Mannitol,0,No match,vNo-DILI-concern,Unchanged,
LT01503,Maprotiline hydrochloride,5,Adverse reactions,Ambiguous-DILI-concern,Unchanged,
LT03710,Maralixibat chloride,4,Warnings & precautions,Ambiguous-DILI-concern,New,
LT00640,Maraviroc,3,Box warning,vMost-DILI-concern,Unchanged,
LT03558,Maribavir,0,No match,vNo-DILI-concern,New,
LT01508,Mebanazine,8,Withdrawn,vMost-DILI-concern,Unchanged,
LT00308,Mebendazole,3,Warnings & precautions,vLess-DILI-concern,Unchanged,
LT00781,Mecamylamine hydrochloride,0,No match,vNo-DILI-concern,Unchanged,
LT01227,Mecasermin recombinant,3,Adverse reactions,Ambiguous-DILI-concern,Unchanged,
LT01509,Mechlorethamine hydrochloride,3,Warnings & precautions,Ambiguous-DILI-concern,Unchanged,
LT00792,Meclizine hydrochloride,0,No match,vNo-DILI-concern,Unchanged,
LT01511,Meclofenamate sodium,3,Warnings & precautions,Ambiguous-DILI-concern,Unchanged,
LT01513,Medroxyprogesterone acetate,2,Adverse reactions,Ambiguous-DILI-concern,Unchanged,
LT00116,Mefenamic acid,8,Warnings & precautions,vMost-DILI-concern,Unchanged,
LT01514,Mefloquine hydrochloride,7,Adverse reactions,vLess-DILI-concern,Unchanged,
LT00220,Megestrol acetate,1,Adverse reactions,Ambiguous-DILI-concern,Unchanged,
LT00117,Meloxicam,3,Warnings & precautions,vLess-DILI-concern,Unchanged,
LT01517,Melphalan,5,Adverse reactions,vLess-DILI-concern,Unchanged,
LT01908,Memantine hydrochloride,7,Adverse reactions,vLess-DILI-concern,Unchanged,
LT02110,Mepazine,8,Withdrawn,vMost-DILI-concern,Unchanged,
LT00790,Mepenzolate bromide,0,No match,vNo-DILI-concern,Unchanged,
LT00713,Meperidine hydrochloride,0,No match,vNo-DILI-concern,Unchanged,
LT01520,Mephenytoin,5,Adverse reactions,Ambiguous-DILI-concern,Unchanged,
LT00822,Mepivacaine hydrochloride,0,No match,vLess-DILI-concern,Revised,
LT01521,Meprobamate,0,No match,vNo-DILI-concern,Unchanged,
LT00003,Mercaptopurine,8,Warnings & precautions,vMost-DILI-concern,Unchanged,
LT01525,Meropenem,3,Warnings & precautions,vLess-DILI-concern,Unchanged,
LT00414,Mesalamine,7,Adverse reactions,vLess-DILI-concern,Unchanged,
LT01526,Mesna,3,Adverse reactions,Ambiguous-DILI-concern,Unchanged,
LT01527,Mesoridazine besylate,5,Adverse reactions,Ambiguous-DILI-concern,Unchanged,
LT02086,Metaproterenol sulfate,0,No match,vNo-DILI-concern,Unchanged,
LT00841,Metaxalone,5,Adverse reactions,vLess-DILI-concern,Unchanged,
LT00119,Metformin hydrochloride,0,No match,vLess-DILI-concern,Unchanged,
LT00723,Methadone hydrochloride,3,Adverse reactions,Ambiguous-DILI-concern,Unchanged,
LT00716,Methamphetamine hydrochloride,0,No match,vNo-DILI-concern,Unchanged,
LT01532,Methazolamide,7,Adverse reactions,vLess-DILI-concern,Unchanged,
LT00322,Methenamine hippurate,3,Warnings & precautions,Ambiguous-DILI-concern,Unchanged,
LT00580,Methimazole,8,Warnings & precautions,vMost-DILI-concern,Unchanged,
LT01468,Methionine,0,No match,vNo-DILI-concern,Unchanged,
LT00581,Methocarbamol,5,Adverse reactions,Ambiguous-DILI-concern,Unchanged,
LT00803,Methohexital sodium,3,Adverse reactions,Ambiguous-DILI-concern,Unchanged,
LT00026,Methotrexate sodium,3,Box warning,vMost-DILI-concern,Unchanged,
LT01537,Methoxsalen,3,Warnings & precautions,vLess-DILI-concern,Unchanged,
LT01547,Methscopolamine bromide,0,No match,vNo-DILI-concern,Unchanged,
LT00787,Methsuximide,0,No match,vNo-DILI-concern,Unchanged,
LT00833,Methyclothiazide,2,Adverse reactions,Ambiguous-DILI-concern,Unchanged,
LT00121,Methyldopa,8,Warnings & precautions,vMost-DILI-concern,Unchanged,
LT02074,Methylergonovine maleate,0,No match,vNo-DILI-concern,Unchanged,
LT00570,Methylnaltrexone bromide,0,No match,vNo-DILI-concern,Unchanged,
LT01545,Methylphenidate hydrochloride,3,Adverse reactions,vLess-DILI-concern,Unchanged,
LT00478,Methylprednisolone,3,Adverse reactions,vLess-DILI-concern,Unchanged,
LT00222,Methyltestosterone,2,Warnings & precautions,vLess-DILI-concern,Unchanged,
LT02072,Methysergide maleate,0,No match,vNo-DILI-concern,Unchanged,
LT01549,Metoclopramide hydrochloride,5,Adverse reactions,vLess-DILI-concern,Unchanged,
LT02046,Metolazone,3,Adverse reactions,Ambiguous-DILI-concern,Unchanged,
LT00946,Metoprolol succinate,3,Adverse reactions,Ambiguous-DILI-concern,Unchanged,
LT00309,Metoprolol tartrate,5,Adverse reactions,vLess-DILI-concern,Unchanged,
LT00584,Metronidazole,3,No match,vLess-DILI-concern,Unchanged,
LT00838,Metyrapone,0,No match,vNo-DILI-concern,Unchanged,
LT00895,Metyrosine,0,No match,vNo-DILI-concern,Unchanged,
LT01553,Mexiletine hydrochloride,3,Box warning,vMost-DILI-concern,Unchanged,
LT01187,Micafungin sodium,7,Warnings & precautions,vMost-DILI-concern,Unchanged,
LT01557,Midazolam hydrochloride,0,No match,vNo-DILI-concern,Unchanged,
LT01558,Midodrine hydrochloride,0,No match,vNo-DILI-concern,Unchanged,
LT03751,Midostaurin,4,Adverse reactions,Ambiguous-DILI-concern,New,
LT00184,Mifepristone,0,No match,vLess-DILI-concern,Revised,
LT03712,Migalastat hydrochloride,0,No match,vNo-DILI-concern,New,
LT00992,Miglitol,0,No match,vNo-DILI-concern,Unchanged,
LT01126,Miglustat,0,No match,vNo-DILI-concern,Unchanged,
LT01263,Milnacipran hydrochloride,7,Warnings & precautions,vMost-DILI-concern,Unchanged,
LT00931,Milrinone lactate,3,Adverse reactions,Ambiguous-DILI-concern,Unchanged,
LT02956,Miltefosine,4,Warnings & precautions,Ambiguous-DILI-concern,New,
LT00416,Minocycline hydrochloride,8,Warnings & precautions,vMost-DILI-concern,Unchanged,
LT00587,Minoxidil,0,No match,vNo-DILI-concern,Unchanged,
LT02388,Mirabegron,3,Adverse reactions,Ambiguous-DILI-concern,New,
LT01560,Mirtazapine,3,Warnings & precautions,vLess-DILI-concern,Unchanged,
LT00922,Misoprostol,3,Adverse reactions,Ambiguous-DILI-concern,Unchanged,
LT00588,Mitomycin,0,No match,vLess-DILI-concern,Unchanged,
LT01564,Mitotane,0,No match,vNo-DILI-concern,Unchanged,
LT01565,Mitoxantrone hydrochloride,3,Warnings & precautions,vLess-DILI-concern,Unchanged,
LT00950,Mivacurium chloride,0,No match,vNo-DILI-concern,Unchanged,
LT03713,Mobocertinib succinate,3,Adverse reactions,Ambiguous-DILI-concern,New,
LT00589,Modafinil,3,Warnings & precautions,vLess-DILI-concern,Unchanged,
LT01567,Moexipril hydrochloride,3,Adverse reactions,Ambiguous-DILI-concern,Unchanged,
LT03714,Monomethyl fumarate,4,Warnings & precautions,Ambiguous-DILI-concern,New,
LT02007,Montelukast sodium,3,Adverse reactions,vLess-DILI-concern,Unchanged,
LT01571,Moricizine hydrochloride,5,Adverse reactions,Ambiguous-DILI-concern,Unchanged,
LT00905,Morphine sulfate,0,No match,vNo-DILI-concern,Unchanged,
LT03715,Moxidectin,4,Adverse reactions,Ambiguous-DILI-concern,New,
LT02008,Moxifloxacin hydrochloride,8,Adverse reactions,vLess-DILI-concern,Unchanged,
LT01574,Moxisylyte,8,Withdrawn,vMost-DILI-concern,Unchanged,
LT01326,Muromonab-cd3,3,Warnings & precautions,Ambiguous-DILI-concern,Unchanged,
LT01288,Mycophenolate mofetil,3,Adverse reactions,vLess-DILI-concern,Unchanged,
LT00310,Mycophenolic sodium,3,Adverse reactions,Ambiguous-DILI-concern,Unchanged,
LT00910,Nabilone,0,No match,vNo-DILI-concern,Unchanged,
LT01581,Nabumetone,3,Warnings & precautions,Ambiguous-DILI-concern,Unchanged,
LT01582,Nadolol,3,Adverse reactions,Ambiguous-DILI-concern,Unchanged,
LT01583,Nafcillin sodium,3,Warnings & precautions,vLess-DILI-concern,Unchanged,
LT01586,Nalbuphine hydrochloride,0,No match,vNo-DILI-concern,Unchanged,
LT03716,Naldemedine tosylate,0,No match,vNo-DILI-concern,New,
LT01587,Nalidixic acid,3,Warnings & precautions,Ambiguous-DILI-concern,Unchanged,
LT01588,Nalmefene hydrochloride,3,Adverse reactions,Ambiguous-DILI-concern,Unchanged,
LT03717,Naloxegol oxalate,0,No match,vNo-DILI-concern,New,
LT00592,Naloxone hydrochloride,0,No match,vNo-DILI-concern,Unchanged,
LT00311,Naltrexone hydrochloride,3,Warnings & precautions,Ambiguous-DILI-concern,Unchanged,
LT02121,Nandrolone phenpropionate,7,Warnings & precautions,vMost-DILI-concern,Unchanged,
LT00593,Naproxen,3,Warnings & precautions,vLess-DILI-concern,Unchanged,
LT01007,Naratriptan hydrochloride,4,Adverse reactions,Ambiguous-DILI-concern,Unchanged,
LT01393,Natalizumab,5,Warnings & precautions,vMost-DILI-concern,Unchanged,
LT00594,Nateglinide,3,Adverse reactions,Ambiguous-DILI-concern,Unchanged,
LT01212,Nebivolol hydrochloride,3,Adverse reactions,Ambiguous-DILI-concern,Unchanged,
LT00124,Nefazodone hydrochloride,8,Box warning,vMost-DILI-concern,Unchanged,
LT01233,Nelarabine,4,Adverse reactions,vLess-DILI-concern,Unchanged,
LT01012,Nelfinavir mesylate,3,Adverse reactions,vLess-DILI-concern,Unchanged,
LT00595,Neomycin sulfate,0,No match,vNo-DILI-concern,Unchanged,
LT03582,Neratinib maleate,4,Warnings & precautions,Ambiguous-DILI-concern,New,
LT00465,Nesiritide,0,No match,vNo-DILI-concern,Unchanged,
LT00260,Nevirapine,8,Box warning,vMost-DILI-concern,Unchanged,
LT00312,Niacin,7,Warnings & precautions,vMost-DILI-concern,Unchanged,
LT01594,Nialamide,8,Withdrawn,vMost-DILI-concern,Unchanged,
LT01595,Nicardipine hydrochloride,3,Adverse reactions,Ambiguous-DILI-concern,Unchanged,
LT00313,Nifedipine,3,Warnings & precautions,vLess-DILI-concern,Unchanged,
LT02164,Nifurtimox,0,No match,vNo-DILI-concern,New,
LT00607,Nilotinib hydrochloride,4,Warnings & precautions,vMost-DILI-concern,Revised,
LT01600,Nilutamide,8,Warnings & precautions,vMost-DILI-concern,Unchanged,
LT00314,Nimesulide,8,Withdrawn,vMost-DILI-concern,Unchanged,
LT01601,Nimodipine,3,Adverse reactions,Ambiguous-DILI-concern,Unchanged,
LT03718,Nintedanib esylate,8,Warnings & precautions,vMost-DILI-concern,New,
LT01602,Niperotidine,8,Withdrawn,vMost-DILI-concern,Unchanged,
LT03719,Niraparib tosylate,3,Adverse reactions,Ambiguous-DILI-concern,New,
LT00217,Nisoldipine,3,Adverse reactions,Ambiguous-DILI-concern,Unchanged,
LT01184,Nitazoxanide,0,No match,vNo-DILI-concern,Unchanged,
LT01092,Nitisinone,7,Adverse reactions,Ambiguous-DILI-concern,Unchanged,
LT01854,Nitrefazole,8,Withdrawn,vMost-DILI-concern,Unchanged,
LT00125,Nitrofurantoin,8,Warnings & precautions,vMost-DILI-concern,Unchanged,
LT01608,Nitroglycerin,0,No match,vNo-DILI-concern,Unchanged,
LT00315,Nizatidine,5,Adverse reactions,vLess-DILI-concern,Unchanged,
LT01611,Nomifensine,8,Withdrawn,vMost-DILI-concern,Unchanged,
LT00738,Norepinephrine bitartrate,0,No match,vNo-DILI-concern,Unchanged,
LT00211,Norethindrone,3,Adverse reactions,Ambiguous-DILI-concern,Unchanged,
LT02269,Norethindrone acetate,0,No match,vNo-DILI-concern,Unchanged,
LT01614,Norfloxacin,3,Warnings & precautions,vLess-DILI-concern,Unchanged,
LT01615,Nortriptyline hydrochloride,8,Warnings & precautions,vMost-DILI-concern,Unchanged,
LT03720,Nusinersen sodium,0,No match,vNo-DILI-concern,New,
LT00602,Nystatin,0,No match,vNo-DILI-concern,Unchanged,
LT03603,Obeticholic acid,8,Box warning,vMost-DILI-concern,New,
LT01618,Octreotide acetate,2,Warnings & precautions,vLess-DILI-concern,Unchanged,
LT03721,Odevixibat,4,Warnings & precautions,Ambiguous-DILI-concern,New,
LT01421,Ofatumumab,0,No match,vNo-DILI-concern,Unchanged,
LT01620,Ofloxacin,3,Warnings & precautions,vLess-DILI-concern,Unchanged,
LT00259,Olanzapine,3,Adverse reactions,vLess-DILI-concern,Unchanged,
LT03722,Olaparib,0,No match,vLess-DILI-concern,New,
LT03723,Oliceridine,3,Adverse reactions,Ambiguous-DILI-concern,New,
LT01102,Olmesartan medoxomil,4,Adverse reactions,vLess-DILI-concern,Revised,
LT00126,Olsalazine sodium,8,Adverse reactions,vLess-DILI-concern,Unchanged,
LT02145,Omacetaxine mepesuccinate,4,Adverse reactions,Ambiguous-DILI-concern,New,
LT03896,Omadacycline tosylate,3,Adverse reactions,Ambiguous-DILI-concern,New,
LT01377,Omalizumab,0,No match,vNo-DILI-concern,Unchanged,
LT00206,Omeprazole,4,Adverse reactions,vLess-DILI-concern,Unchanged,
LT01619,Ondansetron hydrochloride,7,Adverse reactions,vLess-DILI-concern,Unchanged,
LT03725,Opicapone,0,No match,vNo-DILI-concern,New,
LT01339,Oprelvekin,0,No match,vNo-DILI-concern,Unchanged,
LT03897,Oritavancin diphosphate,4,Adverse reactions,Ambiguous-DILI-concern,New,
LT02216,Orlistat,8,Warnings & precautions,vMost-DILI-concern,Unchanged,
LT02085,Orphenadrine hydrochloride,0,No match,vNo-DILI-concern,Unchanged,
LT02210,Oseltamivir phosphate,3,Adverse reactions,vLess-DILI-concern,Revised,
LT03726,Osilodrostat phosphate,3,Adverse reactions,Ambiguous-DILI-concern,New,
LT03727,Osimertinib mesylate,4,Adverse reactions,vLess-DILI-concern,New,
LT02880,Ospemifene,0,No match,vNo-DILI-concern,New,
LT01624,Oxacillin sodium,3,Warnings & precautions,vLess-DILI-concern,Unchanged,
LT01181,Oxaliplatin,4,Warnings & precautions,vMost-DILI-concern,Unchanged,
LT00845,Oxandrolone,8,Box warning,vMost-DILI-concern,Unchanged,
LT00429,Oxaprozin,3,Warnings & precautions,vLess-DILI-concern,Unchanged,
LT00847,Oxazepam,5,Adverse reactions,Ambiguous-DILI-concern,Unchanged,
LT01056,Oxcarbazepine,3,Warnings & precautions,vLess-DILI-concern,Unchanged,
LT02084,Oxybutynin chloride,0,No match,vLess-DILI-concern,Revised,
LT00979,Oxycodone hydrochloride,0,No match,vLess-DILI-concern,Revised,
LT00235,Oxymetholone,7,Box warning,vMost-DILI-concern,Unchanged,
LT00808,Oxymorphone hydrochloride,0,No match,vNo-DILI-concern,Unchanged,
LT00690,Oxyphenisatin,8,Withdrawn,vMost-DILI-concern,Unchanged,
LT00605,Oxytetracycline,2,Warnings & precautions,Ambiguous-DILI-concern,Unchanged,
LT00827,Oxytocin,0,No match,vNo-DILI-concern,Unchanged,
LT03728,Ozanimod hydrochloride,3,Warnings & precautions,Ambiguous-DILI-concern,New,
LT00430,Paclitaxel,4,Adverse reactions,vLess-DILI-concern,Unchanged,
LT03729,Pafolacianine sodium,0,No match,vNo-DILI-concern,New,
LT00702,Pafuraidine,8,Discontinued,vMost-DILI-concern,Unchanged,
LT03594,Palbociclib,3,Adverse reactions,vLess-DILI-concern,New,
LT01392,Palifermin,0,No match,vNo-DILI-concern,Unchanged,
LT01252,Paliperidone,0,No match,vLess-DILI-concern,Revised,
LT01349,Palivizumab,0,No match,vNo-DILI-concern,Unchanged,
LT01130,Palonosetron hydrochloride,4,Adverse reactions,Ambiguous-DILI-concern,Unchanged,
LT02055,Pamabrom,0,No match,vNo-DILI-concern,Unchanged,
LT01916,Pamidronate disodium,3,Adverse reactions,Ambiguous-DILI-concern,Unchanged,
LT00674,Pancrelipase,0,No match,vNo-DILI-concern,Unchanged,
LT00867,Pancuronium bromide,0,No match,vNo-DILI-concern,Unchanged,
LT01408,Panitumumab,0,No match,vNo-DILI-concern,Unchanged,
LT03565,Panobinostat lactate,3,Warnings & precautions,Ambiguous-DILI-concern,New,
LT00606,Pantoprazole sodium,3,Adverse reactions,vLess-DILI-concern,Unchanged,
LT01637,Papaverine hydrochloride,5,Warnings & precautions,vMost-DILI-concern,Unchanged,
LT01015,Paricalcitol,3,Adverse reactions,Ambiguous-DILI-concern,Unchanged,
LT02061,Paromomycin sulfate,0,No match,vNo-DILI-concern,Unchanged,
LT00128,Paroxetine hydrochloride,8,Adverse reactions,vLess-DILI-concern,Unchanged,
LT02401,Pasireotide diaspartate,3,Warnings & precautions,Ambiguous-DILI-concern,New,
LT03730,Patiromer sorbitex calcium,0,No match,vNo-DILI-concern,New,
LT03731,Patisiran sodium,0,No match,vNo-DILI-concern,New,
LT00672,Pazopanib hydrochloride,8,Box warning,vMost-DILI-concern,Unchanged,
LT00941,Pegademase bovine,0,No match,vNo-DILI-concern,Unchanged,
LT01322,Pegaspargase,3,Adverse reactions,vLess-DILI-concern,Unchanged,
LT03732,Pegcetacoplan,0,No match,vNo-DILI-concern,New,
LT01380,Pegfilgrastim,0,No match,vNo-DILI-concern,Unchanged,
LT01376,Peginterferon alfa-2a,7,Warnings & precautions,Ambiguous-DILI-concern,Unchanged,
LT01367,Peginterferon alfa-2b,4,Warnings & precautions,vMost-DILI-concern,Unchanged,
LT01069,Pegvisomant,3,Warnings & precautions,Ambiguous-DILI-concern,Unchanged,
LT01157,Pemetrexed disodium,3,Adverse reactions,Ambiguous-DILI-concern,Unchanged,
LT03733,Pemigatinib,3,Adverse reactions,Ambiguous-DILI-concern,New,
LT00246,Pemoline,8,Withdrawn,vMost-DILI-concern,Unchanged,
LT01644,Penbutolol sulfate,0,No match,vNo-DILI-concern,Unchanged,
LT00488,Penicillamine,2,Warnings & precautions,vLess-DILI-concern,Unchanged,
LT01646,Penicillin g benzathine,3,Adverse reactions,vLess-DILI-concern,Unchanged,
LT01648,Penicillin v potassium,0,No match,vNo-DILI-concern,Unchanged,
LT00869,Pentagastrin,0,No match,vNo-DILI-concern,Unchanged,
LT00129,Pentamidine isethionate,3,Warnings & precautions,vLess-DILI-concern,Unchanged,
LT01650,Pentazocine lactate,0,No match,vNo-DILI-concern,Unchanged,
LT00879,Pentetate calcium trisodium yb-169,0,No match,vNo-DILI-concern,Unchanged,
LT00130,Pentobarbital sodium,3,Warnings & precautions,Ambiguous-DILI-concern,Unchanged,
LT00956,Pentosan polysulfate sodium,3,Adverse reactions,Ambiguous-DILI-concern,Unchanged,
LT01651,Pentostatin,3,Box warning,vMost-DILI-concern,Unchanged,
LT01652,Pentoxifylline,5,Adverse reactions,Ambiguous-DILI-concern,Unchanged,
LT03734,Peramivir,3,Adverse reactions,Ambiguous-DILI-concern,New,
LT02446,Perampanel,0,No match,vNo-DILI-concern,New,
LT01065,Perflutren,0,No match,vNo-DILI-concern,Unchanged,
LT00216,Pergolide mesylate,3,Adverse reactions,Ambiguous-DILI-concern,Unchanged,
LT00131,Perhexiline,8,Withdrawn,vMost-DILI-concern,Unchanged,
LT00955,Perindopril erbumine,3,Adverse reactions,Ambiguous-DILI-concern,Unchanged,
LT01655,Perphenazine,3,Warnings & precautions,vLess-DILI-concern,Unchanged,
LT03735,Pexidartinib hydrochloride,8,Box warning,vMost-DILI-concern,New,
LT00826,Phendimetrazine tartrate,0,No match,vNo-DILI-concern,Unchanged,
LT01657,Phenelzine sulfate,3,Adverse reactions,vLess-DILI-concern,Unchanged,
LT00030,Phenobarbital sodium,3,Warnings & precautions,vLess-DILI-concern,Unchanged,
LT02082,Phenoxybenzamine hydrochloride,0,No match,vNo-DILI-concern,Unchanged,
LT00703,Phenoxypropazine,8,Withdrawn,vMost-DILI-concern,Unchanged,
LT00805,Phentermine resin complex,0,No match,vLess-DILI-concern,Unchanged,
LT00433,Phentolamine mesylate,0,No match,vNo-DILI-concern,Unchanged,
LT00032,Phenytoin,8,Warnings & precautions,vMost-DILI-concern,Unchanged,
LT00133,Physostigmine salicylate,0,No match,vNo-DILI-concern,Unchanged,
LT00780,Phytonadione,0,No match,vNo-DILI-concern,Unchanged,
LT03915,Piflufolastat f-18,0,No match,vNo-DILI-concern,New,
LT01671,Pilocarpine,3,Adverse reactions,Ambiguous-DILI-concern,Unchanged,
LT03736,Pimavanserin tartrate,0,No match,vNo-DILI-concern,New,
LT01672,Pimozide,0,No match,vNo-DILI-concern,Unchanged,
LT01673,Pindolol,0,No match,vNo-DILI-concern,Unchanged,
LT00134,Pioglitazone hydrochloride,3,Warnings & precautions,vLess-DILI-concern,Unchanged,
LT00697,Pipamazine,8,Withdrawn,vMost-DILI-concern,Unchanged,
LT01675,Piperacillin sodium,3,Warnings & precautions,Ambiguous-DILI-concern,Unchanged,
LT03550,Pirfenidone,8,Warnings & precautions,vMost-DILI-concern,New,
LT01679,Piroxicam,3,Warnings & precautions,vLess-DILI-concern,Unchanged,
LT01680,Pirprofen,8,Withdrawn,vMost-DILI-concern,Unchanged,
LT00668,Pitavastatin calcium,3,Warnings & precautions,Ambiguous-DILI-concern,Unchanged,
LT03737,Pitolisant hydrochloride,0,No match,vNo-DILI-concern,New,
LT03738,Plazomicin sulfate,3,Adverse reactions,Ambiguous-DILI-concern,New,
LT03739,Plecanatide,3,Adverse reactions,Ambiguous-DILI-concern,New,
LT02340,Plerixafor,0,No match,vNo-DILI-concern,Unchanged,
LT00486,Polidocanol,0,No match,vNo-DILI-concern,New,
LT00995,Polyethylene glycol 3350,0,No match,vNo-DILI-concern,Unchanged,
LT01291,Polymyxin b sulfate,0,No match,vNo-DILI-concern,Unchanged,
LT01688,Polythiazide,2,Adverse reactions,Ambiguous-DILI-concern,Unchanged,
LT02883,Pomalidomide,8,Warnings & precautions,vMost-DILI-concern,New,
LT02434,Ponatinib hydrochloride,8,Warnings & precautions,Ambiguous-DILI-concern,New,
LT03740,Ponesimod,3,Adverse reactions,Ambiguous-DILI-concern,New,
LT00972,Porfimer sodium,0,No match,vNo-DILI-concern,Unchanged,
LT01254,Posaconazole,8,Warnings & precautions,vMost-DILI-concern,Revised,
LT00673,Pralatrexate,3,Warnings & precautions,Ambiguous-DILI-concern,Unchanged,
LT00610,Pralidoxime chloride,3,Adverse reactions,Ambiguous-DILI-concern,Unchanged,
LT00698,Pralnacasan,8,Discontinued,vMost-DILI-concern,Unchanged,
LT03741,Pralsetinib,3,Warnings & precautions,Ambiguous-DILI-concern,New,
LT00991,Pramipexole dihydrochloride,2,Adverse reactions,Ambiguous-DILI-concern,Unchanged,
LT00492,Pramlintide acetate,0,No match,vNo-DILI-concern,Unchanged,
LT00665,Prasugrel hydrochloride,0,No match,vLess-DILI-concern,Unchanged,
LT00186,Pravastatin sodium,3,Warnings & precautions,vLess-DILI-concern,Unchanged,
LT00225,Praziquantel,3,Warnings & precautions,Ambiguous-DILI-concern,Unchanged,
LT00435,Prazosin hydrochloride,3,Adverse reactions,Ambiguous-DILI-concern,Unchanged,
LT00612,Prednisolone,3,Adverse reactions,vLess-DILI-concern,Unchanged,
LT00180,Prednisone,3,Adverse reactions,vLess-DILI-concern,Unchanged,
LT01154,Pregabalin,0,No match,vLess-DILI-concern,Unchanged,
LT03742,Pretomanid,4,Adverse reactions,Ambiguous-DILI-concern,New,
LT00613,Primaquine phosphate,0,No match,vNo-DILI-concern,Unchanged,
LT00261,Primidone,0,No match,vNo-DILI-concern,Unchanged,
LT01698,Probenecid,6,Adverse reactions,Ambiguous-DILI-concern,Unchanged,
LT01699,Procainamide hydrochloride,4,Adverse reactions,vLess-DILI-concern,Unchanged,
LT00614,Procarbazine hydrochloride,3,Warnings & precautions,vLess-DILI-concern,Unchanged,
LT00437,Prochlorperazine maleate,2,Adverse reactions,vLess-DILI-concern,Unchanged,
LT02219,Procyclidine hydrochloride,0,No match,vNo-DILI-concern,Unchanged,
LT00192,Progesterone,2,Adverse reactions,vLess-DILI-concern,Unchanged,
LT00205,Promethazine hydrochloride,5,Adverse reactions,vLess-DILI-concern,Unchanged,
LT01705,Propafenone hydrochloride,3,Adverse reactions,vLess-DILI-concern,Unchanged,
LT00753,Propantheline bromide,0,No match,vNo-DILI-concern,Unchanged,
LT01708,Propofol,3,Adverse reactions,vLess-DILI-concern,Unchanged,
LT00083,Propoxyphene hydrochloride,3,Adverse reactions,vLess-DILI-concern,Unchanged,
LT01706,Propranolol hydrochloride,3,Warnings & precautions,Ambiguous-DILI-concern,Unchanged,
LT00136,Propylthiouracil,8,Box warning,vMost-DILI-concern,Unchanged,
LT00728,Protamine sulfate,0,No match,vNo-DILI-concern,Unchanged,
LT00349,Protirelin,0,No match,vNo-DILI-concern,Unchanged,
LT00848,Protriptyline hydrochloride,0,No match,vNo-DILI-concern,Unchanged,
LT03197,Prucalopride succinate,0,No match,vNo-DILI-concern,New,
LT00137,Pseudoephedrine hydrochloride,0,No match,vNo-DILI-concern,Unchanged,
LT01713,Pyrantel pamoate,0,No match,vNo-DILI-concern,Unchanged,
LT00166,Pyrazinamide,3,Warnings & precautions,vLess-DILI-concern,Unchanged,
LT02081,Pyridostigmine bromide,0,No match,vLess-DILI-concern,Revised,
LT01980,Pyridoxine hydrochloride,0,No match,vNo-DILI-concern,Unchanged,
LT01716,Pyrimethamine,3,Warnings & precautions,vLess-DILI-concern,Unchanged,
LT01721,Quazepam,0,No match,vNo-DILI-concern,Unchanged,
LT00267,Quetiapine fumarate,3,Warnings & precautions,vLess-DILI-concern,Unchanged,
LT01723,Quinapril hydrochloride,3,Adverse reactions,vLess-DILI-concern,Unchanged,
LT01725,Quinidine gluconate,3,Adverse reactions,vLess-DILI-concern,Unchanged,
LT01923,Quinine sulfate,3,Warnings & precautions,vLess-DILI-concern,Unchanged,
LT00264,Rabeprazole sodium,3,Adverse reactions,vLess-DILI-concern,Unchanged,
LT03913,Radium ra-223 dichloride,0,No match,vNo-DILI-concern,New,
LT00183,Raloxifene hydrochloride,0,No match,vLess-DILI-concern,Revised,
LT00642,Raltegravir potassium,7,Warnings & precautions,vMost-DILI-concern,Unchanged,
LT01217,Ramelteon,0,No match,vNo-DILI-concern,Unchanged,
LT01726,Ramipril,7,Adverse reactions,vLess-DILI-concern,Unchanged,
LT00138,Ranitidine hydrochloride,5,Adverse reactions,vLess-DILI-concern,Unchanged,
LT01192,Ranolazine,0,No match,vNo-DILI-concern,Unchanged,
LT01204,Rasagiline mesylate,3,Adverse reactions,Ambiguous-DILI-concern,Unchanged,
LT01363,Rasburicase,0,No match,vNo-DILI-concern,Unchanged,
LT00646,Regadenoson,0,No match,vNo-DILI-concern,Unchanged,
LT02433,Regorafenib,8,Box warning,vMost-DILI-concern,New,
LT03743,Relugolix,3,Adverse reactions,Ambiguous-DILI-concern,New,
LT03819,Remdesivir,3,Warnings & precautions,vLess-DILI-concern,New,
LT00987,Remifentanil hydrochloride,3,Adverse reactions,vLess-DILI-concern,Unchanged,
LT03744,Remimazolam besylate,0,No match,vNo-DILI-concern,New,
LT01002,Repaglinide,5,Adverse reactions,vLess-DILI-concern,Unchanged,
LT01729,Reserpine,0,No match,vNo-DILI-concern,Unchanged,
LT01351,Reteplase,0,No match,vNo-DILI-concern,Unchanged,
LT01730,Ribavirin,7,Adverse reactions,vLess-DILI-concern,Revised,
LT03606,Ribociclib succinate,4,Warnings & precautions,vMost-DILI-concern,New,
LT01479,Riboflavin 5'-phosphate,0,No match,vNo-DILI-concern,Unchanged,
LT00139,Rifabutin,5,Adverse reactions,vLess-DILI-concern,Unchanged,
LT00034,Rifampin,8,Warnings & precautions,vMost-DILI-concern,Unchanged,
LT03745,Rifamycin sodium,0,No match,vNo-DILI-concern,New,
LT01057,Rifapentine,4,Warnings & precautions,Ambiguous-DILI-concern,Unchanged,
LT01128,Rifaximin,7,Adverse reactions,Ambiguous-DILI-concern,Unchanged,
LT01415,Rilonacept,0,No match,vNo-DILI-concern,Unchanged,
LT02352,Rilpivirine hydrochloride,3,Warnings & precautions,vLess-DILI-concern,New,
LT01731,Riluzole,8,Warnings & precautions,vMost-DILI-concern,Unchanged,
LT00937,Rimantadine hydrochloride,0,No match,vNo-DILI-concern,Unchanged,
LT03746,Rimegepant sulfate,0,No match,vNo-DILI-concern,New,
LT02894,Riociguat,0,No match,vNo-DILI-concern,New,
LT03747,Ripretinib,4,Adverse reactions,Ambiguous-DILI-concern,New,
LT03748,Risdiplam,0,No match,vNo-DILI-concern,New,
LT01020,Risedronate sodium,3,Adverse reactions,Ambiguous-DILI-concern,Unchanged,
LT01735,Risperidone,3,Adverse reactions,vLess-DILI-concern,Unchanged,
LT01737,Ritonavir,8,Warnings & precautions,vMost-DILI-concern,Unchanged,
LT02390,Rivaroxaban,5,Adverse reactions,vLess-DILI-concern,New,
LT01016,Rivastigmine tartrate,3,Adverse reactions,vLess-DILI-concern,Unchanged,
LT01026,Rizatriptan benzoate,0,No match,vLess-DILI-concern,Revised,
LT00957,Rocuronium bromide,0,No match,vNo-DILI-concern,Unchanged,
LT00619,Roflumilast,0,No match,vNo-DILI-concern,New,
LT03749,Rolapitant hydrochloride,0,No match,vNo-DILI-concern,New,
LT00669,Romidepsin,0,No match,vNo-DILI-concern,Unchanged,
LT01417,Romiplostim,0,No match,vNo-DILI-concern,Unchanged,
LT00990,Ropinirole hydrochloride,4,Adverse reactions,vLess-DILI-concern,Unchanged,
LT00140,Rosiglitazone maleate,3,Warnings & precautions,vLess-DILI-concern,Unchanged,
LT01928,Rosuvastatin calcium,3,Warnings & precautions,vLess-DILI-concern,Unchanged,
LT00928,Rubidium chloride rb-82,0,No match,vNo-DILI-concern,Unchanged,
LT03750,Rucaparib camsylate,3,Adverse reactions,Ambiguous-DILI-concern,New,
LT00564,Rufinamide,3,Warnings & precautions,Ambiguous-DILI-concern,Unchanged,
LT02441,Ruxolitinib phosphate,3,Adverse reactions,Ambiguous-DILI-concern,New,
LT00463,Sacrosidase,3,Adverse reactions,Ambiguous-DILI-concern,Unchanged,
LT03752,Safinamide mesylate,0,No match,vNo-DILI-concern,New,
LT01684,Salsalate,3,Warnings & precautions,vLess-DILI-concern,Unchanged,
LT01262,Sapropterin dihydrochloride,0,No match,vNo-DILI-concern,Unchanged,
LT01746,Saquinavir mesylate,3,Warnings & precautions,vLess-DILI-concern,Unchanged,
LT03753,Sarecycline hydrochloride,0,No match,vNo-DILI-concern,New,
LT01321,Sargramostim,0,No match,vNo-DILI-concern,Unchanged,
LT00667,Saxagliptin hydrochloride,0,No match,vLess-DILI-concern,Revised,
LT01974,Scopolamine,0,No match,vNo-DILI-concern,Unchanged,
LT03143,Secnidazole,7,Adverse reactions,Ambiguous-DILI-concern,New,
LT00624,Secobarbital sodium,3,Warnings & precautions,Ambiguous-DILI-concern,Unchanged,
LT00355,Secretin synthetic human,0,No match,vNo-DILI-concern,Unchanged,
LT01749,Selegiline hydrochloride,0,No match,vNo-DILI-concern,Unchanged,
LT03754,Selenious acid,3,Warnings & precautions,Ambiguous-DILI-concern,New,
LT03755,Selexipag,0,No match,vNo-DILI-concern,New,
LT03756,Selinexor,4,Adverse reactions,Ambiguous-DILI-concern,New,
LT03757,Selpercatinib,3,Warnings & precautions,Ambiguous-DILI-concern,New,
LT03758,Selumetinib sulfate,3,Adverse reactions,Ambiguous-DILI-concern,New,
LT03759,Semaglutide,0,No match,vLess-DILI-concern,New,
LT00625,Sertraline hydrochloride,3,Adverse reactions,vLess-DILI-concern,Unchanged,
LT03760,Setmelanotide acetate,0,No match,vNo-DILI-concern,New,
LT01039,Sevelamer hydrochloride,0,No match,vNo-DILI-concern,Unchanged,
LT00988,Sibutramine hydrochloride,4,Adverse reactions,vLess-DILI-concern,Unchanged,
LT01033,Sildenafil citrate,3,Adverse reactions,vLess-DILI-concern,Unchanged,
LT00656,Silodosin,3,Adverse reactions,Ambiguous-DILI-concern,Unchanged,
LT02171,Simethicone-cellulose,0,No match,vNo-DILI-concern,Unchanged,
LT00142,Simvastatin,3,Warnings & precautions,vLess-DILI-concern,Unchanged,
LT00350,Sincalide,0,No match,vNo-DILI-concern,Unchanged,
LT03761,Siponimod,3,Warnings & precautions,Ambiguous-DILI-concern,New,
LT00443,Sirolimus,8,Adverse reactions,vLess-DILI-concern,Unchanged,
LT01251,Sitagliptin phosphate,4,Adverse reactions,vLess-DILI-concern,Unchanged,
LT02449,Sitaxsentan,8,Withdrawn,vMost-DILI-concern,Unchanged,
LT02337,Sodium bicarbonate,0,No match,vNo-DILI-concern,Unchanged,
LT03914,Sodium fluoride f-18,0,No match,vNo-DILI-concern,New,
LT00330,Sodium lactate,0,No match,vNo-DILI-concern,Unchanged,
LT00880,Sodium nitroprusside,0,No match,vNo-DILI-concern,Unchanged,
LT00480,Sodium oxybate,0,No match,vNo-DILI-concern,Unchanged,
LT02343,Sodium phenylbutyrate,4,Adverse reactions,Ambiguous-DILI-concern,Unchanged,
LT00801,Sodium polystyrene sulfonate,0,No match,vNo-DILI-concern,Unchanged,
LT00439,Sodium thiosulfate,0,No match,vNo-DILI-concern,Unchanged,
LT03762,Sodium zirconium cyclosilicate,0,No match,vNo-DILI-concern,New,
LT02901,Sofosbuvir,0,No match,vNo-DILI-concern,New,
LT01191,Solifenacin succinate,3,Adverse reactions,vLess-DILI-concern,Revised,
LT03763,Solriamfetol hydrochloride,0,No match,vNo-DILI-concern,New,
LT00888,Somatropin,0,No match,vNo-DILI-concern,Unchanged,
LT03764,Sonidegib phosphate,3,Adverse reactions,Ambiguous-DILI-concern,New,
LT01241,Sorafenib tosylate,8,Warnings & precautions,vMost-DILI-concern,Unchanged,
LT02010,Sorbitol,0,No match,vNo-DILI-concern,Unchanged,
LT00627,Sotalol hydrochloride,3,Adverse reactions,Ambiguous-DILI-concern,Unchanged,
LT03765,Sotorasib,3,Warnings & precautions,Ambiguous-DILI-concern,New,
LT01757,Spectinomycin hydrochloride,3,Adverse reactions,Ambiguous-DILI-concern,Unchanged,
LT00143,Spironolactone,2,Adverse reactions,vLess-DILI-concern,Unchanged,
LT00144,Stavudine,8,Box warning,vMost-DILI-concern,Unchanged,
LT01294,Sterile water,0,No match,vNo-DILI-concern,Unchanged,
LT02728,Stiripentol,0,No match,vNo-DILI-concern,New,
LT00145,Streptomycin sulfate,0,No match,vNo-DILI-concern,Unchanged,
LT00628,Streptozocin,3,Warnings & precautions,Ambiguous-DILI-concern,Unchanged,
LT01766,Succimer,2,Warnings & precautions,vLess-DILI-concern,Unchanged,
LT00749,Succinylcholine chloride,0,No match,vNo-DILI-concern,Unchanged,
LT00358,Sucralfate,0,No match,vNo-DILI-concern,Unchanged,
LT00920,Sufentanil citrate,0,No match,vNo-DILI-concern,Unchanged,
LT03224,Sugammadex sodium,0,No match,vNo-DILI-concern,New,
LT01816,suloctidil,8,Withdrawn,vMost-DILI-concern,Unchanged,
LT00699,Sulfacarbamide,8,Withdrawn,vMost-DILI-concern,Unchanged,
LT00146,Sulfadiazine,3,Adverse reactions,vLess-DILI-concern,Unchanged,
LT01933,Sulfamethizole,0,No match,vLess-DILI-concern,Unchanged,
LT00147,Sulfasalazine,5,Warnings & precautions,vMost-DILI-concern,Unchanged,
LT00632,Sulfathiazole,8,Withdrawn,vMost-DILI-concern,Unchanged,
LT00148,Sulindac,8,Warnings & precautions,vMost-DILI-concern,Unchanged,
LT01779,Sumatriptan succinate,3,Adverse reactions,Ambiguous-DILI-concern,Unchanged,
LT00565,Sunitinib malate,8,Box warning,vMost-DILI-concern,Unchanged,
LT03766,Suvorexant,0,No match,vNo-DILI-concern,New,
LT00448,Tacrolimus,5,Adverse reactions,vLess-DILI-concern,Unchanged,
LT01129,Tadalafil,3,Adverse reactions,vLess-DILI-concern,Revised,
LT03576,Tafamidis meglumine,0,No match,vNo-DILI-concern,New,
LT03898,Tafenoquine succinate,5,Adverse reactions,Ambiguous-DILI-concern,New,
LT03768,Talazoparib tosylate,3,Adverse reactions,Ambiguous-DILI-concern,New,
LT00152,Tamoxifen citrate,8,Warnings & precautions,vMost-DILI-concern,Unchanged,
LT00982,Tamsulosin hydrochloride,0,No match,vLess-DILI-concern,Unchanged,
LT00664,Tapentadol hydrochloride,0,No match,vNo-DILI-concern,Unchanged,
LT02884,Tasimelteon,3,Adverse reactions,Ambiguous-DILI-concern,New,
LT00687,Tasosartan,8,Discontinued,vMost-DILI-concern,Unchanged,
LT03769,Tazemetostat hydrobromide,3,Adverse reactions,Ambiguous-DILI-concern,New,
LT02329,Technetium tc-99m exametazime kit,0,No match,vNo-DILI-concern,Unchanged,
LT03770,Tecovirimat,0,No match,vNo-DILI-concern,New,
LT03771,Tedizolid phosphate,3,Adverse reactions,Ambiguous-DILI-concern,New,
LT00485,Tegaserod maleate,3,Adverse reactions,Ambiguous-DILI-concern,Unchanged,
LT00577,Telbivudine,2,Warnings & precautions,Ambiguous-DILI-concern,Unchanged,
LT01944,Telithromycin,8,Warnings & precautions,vMost-DILI-concern,Unchanged,
LT02063,Telmisartan,3,Adverse reactions,vLess-DILI-concern,Unchanged,
LT03772,Telotristat etiprate,3,Adverse reactions,Ambiguous-DILI-concern,New,
LT01785,Temazepam,3,Warnings & precautions,Ambiguous-DILI-concern,Unchanged,
LT00153,Temozolomide,4,Adverse reactions,vLess-DILI-concern,Unchanged,
LT01261,Temsirolimus,0,No match,vNo-DILI-concern,Unchanged,
LT03773,Tenapanor hydrochloride,0,No match,vNo-DILI-concern,New,
LT01360,Tenecteplase,0,No match,vNo-DILI-concern,Unchanged,
LT01786,Teniposide,3,Warnings & precautions,vLess-DILI-concern,Unchanged,
LT02224,Tenofovir disoproxil fumarate,3,Warnings & precautions,vLess-DILI-concern,Unchanged,
LT03775,Tepotinib hydrochloride,7,Warnings & precautions,Ambiguous-DILI-concern,New,
LT01787,Terazosin hydrochloride,0,No match,vNo-DILI-concern,Unchanged,
LT00634,Terbinafine hydrochloride,8,Warnings & precautions,vMost-DILI-concern,Unchanged,
LT00877,Terbutaline sulfate,3,Adverse reactions,vLess-DILI-concern,Unchanged,
LT02397,Teriflunomide,8,Box warning,vMost-DILI-concern,New,
LT00932,Teriparatide acetate,0,No match,vLess-DILI-concern,Revised,
LT00223,Testosterone enanthate,8,Warnings & precautions,vMost-DILI-concern,Unchanged,
LT01858,Tetrabamate,8,Withdrawn,vMost-DILI-concern,Unchanged,
LT01239,Tetrabenazine,3,Adverse reactions,Ambiguous-DILI-concern,Unchanged,
LT00036,Tetracycline phosphate complex,2,Warnings & precautions,vLess-DILI-concern,Unchanged,
LT00450,Thalidomide,4,Adverse reactions,vLess-DILI-concern,Unchanged,
LT00154,Theophylline sodium glycinate,0,No match,vNo-DILI-concern,Unchanged,
LT00635,Thiabendazole,7,Warnings & precautions,vMost-DILI-concern,Unchanged,
LT01981,Thiamine hydrochloride,0,No match,vNo-DILI-concern,Unchanged,
LT00452,Thioguanine,2,Warnings & precautions,vLess-DILI-concern,Unchanged,
LT00451,Thioridazine hydrochloride,5,Adverse reactions,vLess-DILI-concern,Unchanged,
LT01804,Thiotepa,3,Warnings & precautions,vLess-DILI-concern,Unchanged,
LT01805,Thiothixene,2,Warnings & precautions,Ambiguous-DILI-concern,Unchanged,
LT00751,Thyrotropin alfa,0,No match,vNo-DILI-concern,Unchanged,
LT00989,Tiagabine hydrochloride,3,Adverse reactions,Ambiguous-DILI-concern,Unchanged,
LT02413,Ticagrelor,0,No match,vNo-DILI-concern,New,
LT00227,Ticlopidine hydrochloride,4,Warnings & precautions,vMost-DILI-concern,Unchanged,
LT00636,Ticrynafen,8,Withdrawn,vMost-DILI-concern,Unchanged,
LT01222,Tigecycline,8,Warnings & precautions,vMost-DILI-concern,Revised,
LT00691,Tilbroquinol,8,Withdrawn,vMost-DILI-concern,Unchanged,
LT00998,Tiludronate disodium,0,No match,vNo-DILI-concern,Unchanged,
LT01815,Timolol maleate,5,Adverse reactions,Ambiguous-DILI-concern,Unchanged,
LT00637,Tinidazole,3,Adverse reactions,vLess-DILI-concern,Unchanged,
LT00973,Tinzaparin sodium,3,Adverse reactions,Ambiguous-DILI-concern,Unchanged,
LT01818,Tiopronin,3,Warnings & precautions,Ambiguous-DILI-concern,Unchanged,
LT01220,Tipranavir,8,Box warning,vMost-DILI-concern,Unchanged,
LT01037,Tirofiban hydrochloride,0,No match,vNo-DILI-concern,Unchanged,
LT03776,Tivozanib hydrochloride,4,Adverse reactions,Ambiguous-DILI-concern,New,
LT00155,Tizanidine hydrochloride,8,Warnings & precautions,vMost-DILI-concern,Unchanged,
LT02392,Tofacitinib citrate,3,Warnings & precautions,Ambiguous-DILI-concern,New,
LT00266,Tolazamide,2,Adverse reactions,vLess-DILI-concern,Unchanged,
LT00453,Tolbutamide,2,Adverse reactions,Ambiguous-DILI-concern,Unchanged,
LT00156,Tolcapone,8,Box warning,vMost-DILI-concern,Unchanged,
LT01820,Tolmetin sodium,3,Adverse reactions,vLess-DILI-concern,Unchanged,
LT01822,Tolrestat,8,Withdrawn,vMost-DILI-concern,Unchanged,
LT01011,Tolterodine tartrate,0,No match,vLess-DILI-concern,Revised,
LT00661,Tolvaptan,8,Warnings & precautions,vMost-DILI-concern,Unchanged,
LT00455,Topiramate,3,Adverse reactions,vLess-DILI-concern,Unchanged,
LT01824,Topotecan hydrochloride,0,No match,vNo-DILI-concern,Unchanged,
LT00158,Toremifene citrate,3,Warnings & precautions,Ambiguous-DILI-concern,Unchanged,
LT00639,Torsemide,2,Warnings & precautions,Ambiguous-DILI-concern,Unchanged,
LT03165,Trabectedin,7,Warnings & precautions,Ambiguous-DILI-concern,New,
LT01827,Tramadol hydrochloride,7,Adverse reactions,vLess-DILI-concern,Revised,
LT02903,Trametinib dimethyl sulfoxide,3,Adverse reactions,vLess-DILI-concern,New,
LT01828,Trandolapril,4,Adverse reactions,vLess-DILI-concern,Unchanged,
LT00923,Tranexamic acid,0,No match,vNo-DILI-concern,Unchanged,
LT01829,Tranylcypromine sulfate,3,Adverse reactions,vLess-DILI-concern,Unchanged,
LT01352,Trastuzumab,0,No match,vLess-DILI-concern,Unchanged,
LT01830,Trazodone hydrochloride,5,Adverse reactions,vLess-DILI-concern,Unchanged,
LT00338,Tretinoin,3,Warnings & precautions,vLess-DILI-concern,Revised,
LT00700,Triacetyldiphenolisatin,8,Withdrawn,vMost-DILI-concern,Unchanged,
LT01833,Triamterene,5,Adverse reactions,vLess-DILI-concern,Unchanged,
LT01834,Triazolam,4,Adverse reactions,Ambiguous-DILI-concern,Unchanged,
LT03076,Triclabendazole,5,Adverse reactions,Ambiguous-DILI-concern,New,
LT00375,Trientine hydrochloride,1,No match,vNo-DILI-concern,Unchanged,
LT00457,Trifluoperazine hydrochloride,2,Warnings & precautions,vLess-DILI-concern,Revised,
LT03777,Triheptanoin,0,No match,vNo-DILI-concern,New,
LT01839,Trihexyphenidyl hydrochloride,0,No match,vNo-DILI-concern,Unchanged,
LT03778,Trilaciclib dihydrochloride,3,Adverse reactions,Ambiguous-DILI-concern,New,
LT01840,Trimethadione,5,Warnings & precautions,Ambiguous-DILI-concern,Unchanged,
LT01841,Trimethobenzamide hydrochloride,5,Adverse reactions,Ambiguous-DILI-concern,Unchanged,
LT01842,Trimethoprim,4,Adverse reactions,vLess-DILI-concern,Unchanged,
LT01843,Trimetrexate glucuronate,3,Warnings & precautions,Ambiguous-DILI-concern,Unchanged,
LT01844,Trimipramine maleate,2,Adverse reactions,Ambiguous-DILI-concern,Unchanged,
LT00798,Triprolidine hydrochloride,0,No match,vNo-DILI-concern,Unchanged,
LT00460,Triptorelin pamoate,3,Adverse reactions,vLess-DILI-concern,Unchanged,
LT00168,Troglitazone,8,Withdrawn,vMost-DILI-concern,Unchanged,
LT00213,Tromethamine,6,Adverse reactions,Ambiguous-DILI-concern,Unchanged,
LT00516,Trospium chloride,0,No match,vNo-DILI-concern,Unchanged,
LT00645,Trovafloxacin mesylate,8,Withdrawn,vMost-DILI-concern,Unchanged,
LT03779,Tucatinib,4,Warnings & precautions,Ambiguous-DILI-concern,New,
LT02356,Tyramine,0,No match,vNo-DILI-concern,Unchanged,
LT03780,Ubrogepant,0,No match,vNo-DILI-concern,New,
LT02443,Ulipristal acetate,0,No match,vLess-DILI-concern,New,
LT03781,Umbralisib tosylate,3,Warnings & precautions,Ambiguous-DILI-concern,New,
LT03782,Umeclidinium bromide,0,No match,vNo-DILI-concern,New,
LT03783,Upadacitinib,3,Warnings & precautions,Ambiguous-DILI-concern,New,
LT03784,Uridine triacetate,0,No match,vNo-DILI-concern,New,
LT00929,Urofollitropin,0,No match,vNo-DILI-concern,Unchanged,
LT01229,Urokinase,0,No match,vNo-DILI-concern,Unchanged,
LT01855,Ursodiol,0,Warnings & precautions,Ambiguous-DILI-concern,Unchanged,
LT01416,Ustekinumab,0,No match,vLess-DILI-concern,Revised,
LT01856,Valaciclovir,3,Adverse reactions,vLess-DILI-concern,Unchanged,
LT03785,Valbenazine tosylate,4,Adverse reactions,Ambiguous-DILI-concern,New,
LT01971,Valdecoxib,3,Warnings & precautions,vLess-DILI-concern,Unchanged,
LT01109,Valganciclovir hydrochloride,3,Adverse reactions,Ambiguous-DILI-concern,Unchanged,
LT00160,Valproic acid,8,Box warning,vMost-DILI-concern,Unchanged,
LT01857,Valsartan,3,Adverse reactions,vLess-DILI-concern,Unchanged,
LT00161,Vancomycin hydrochloride,0,No match,vLess-DILI-concern,Unchanged,
LT02389,Vandetanib,3,Adverse reactions,Ambiguous-DILI-concern,New,
LT01135,Vardenafil hydrochloride,3,Adverse reactions,Ambiguous-DILI-concern,Unchanged,
LT01242,Varenicline tartrate,2,Adverse reactions,vLess-DILI-concern,Unchanged,
LT00916,Vecuronium bromide,0,No match,vNo-DILI-concern,Unchanged,
LT02435,Vemurafenib,3,Warnings & precautions,vLess-DILI-concern,New,
LT03786,Venetoclax,3,Adverse reactions,vLess-DILI-concern,New,
LT00174,Venlafaxine hydrochloride,7,Adverse reactions,vLess-DILI-concern,Unchanged,
LT00332,Verapamil hydrochloride,3,Warnings & precautions,vLess-DILI-concern,Unchanged,
LT03787,Vericiguat,0,No match,vNo-DILI-concern,New,
LT01075,Verteporfin,3,Adverse reactions,Ambiguous-DILI-concern,Unchanged,
LT03788,Vibegron,0,No match,vNo-DILI-concern,New,
LT00969,Vigabatrin,2,Adverse reactions,Ambiguous-DILI-concern,Unchanged,
LT02391,Vilazodone hydrochloride,0,No match,vNo-DILI-concern,New,
LT01861,Viloxazine hydrochloride,0,No match,vNo-DILI-concern,New,
LT03789,Viltolarsen,0,No match,vNo-DILI-concern,New,
LT00177,Vinblastine sulfate,0,No match,vLess-DILI-concern,Revised,
LT01862,Vincristine sulfate,8,Adverse reactions,vLess-DILI-concern,Unchanged,
LT00262,Vinorelbine tartrate,3,Adverse reactions,Ambiguous-DILI-concern,Unchanged,
LT02410,Vismodegib,3,Adverse reactions,Ambiguous-DILI-concern,New,
LT00162,Vitamin A palmitate,3,Warnings & precautions,vLess-DILI-concern,Unchanged,
LT02009,Vitamin C,0,No match,vNo-DILI-concern,Unchanged,
LT01516,Vitamin E,0,No match,vNo-DILI-concern,Unchanged,
LT03563,Voclosporin,0,No match,vNo-DILI-concern,New,
LT03790,Vorapaxar sulfate,0,No match,vNo-DILI-concern,New,
LT01097,Voriconazole,8,Warnings & precautions,vMost-DILI-concern,Unchanged,
LT00462,Vorinostat,0,No match,vNo-DILI-concern,Unchanged,
LT02902,Vortioxetine hydrobromide,0,No match,vLess-DILI-concern,New,
LT03791,Vosoritide,0,No match,vNo-DILI-concern,New,
LT03792,Voxelotor,0,No match,vNo-DILI-concern,New,
LT00647,Warfarin sodium,5,Adverse reactions,vLess-DILI-concern,Unchanged,
LT01867,Xenazoic acid,8,Withdrawn,vMost-DILI-concern,Unchanged,
LT02033,Ximelagatran,8,Withdrawn,vMost-DILI-concern,Unchanged,
LT01869,Zafirlukast,8,Warnings & precautions,vMost-DILI-concern,Unchanged,
LT00648,Zaleplon,0,No match,vNo-DILI-concern,Unchanged,
LT03600,Zanubrutinib,4,Adverse reactions,vMost-DILI-concern,New,
LT00163,Zidovudine,8,Box warning,vMost-DILI-concern,Unchanged,
LT00649,Zileuton,5,Warnings & precautions,vMost-DILI-concern,Unchanged,
LT01874,Zimelidine,8,Withdrawn,vMost-DILI-concern,Unchanged,
LT01017,Ziprasidone hydrochloride,3,Adverse reactions,vLess-DILI-concern,Unchanged,
LT01088,Zoledronic acid,0,No match,vLess-DILI-concern,Unchanged,
LT01010,Zolmitriptan,3,Adverse reactions,Ambiguous-DILI-concern,Unchanged,
LT00164,Zolpidem tartrate,7,Adverse reactions,Ambiguous-DILI-concern,Unchanged,
LT00165,Zonisamide,2,Adverse reactions,vLess-DILI-concern,Unchanged,
